STATEFIP,YEAR,MONTH,REGION,COUNTY,AGE,SEX,RACE,BUNBANKED,BACCTEV,BCHECKEV,BCHECK12M,BCHECKREAS,BPAYDAY,BPAYDAYOFT,BPAYDAYREAS,BCHECK30D,BPAYDAY12M,BPAYDAY30D,BINCWHERE,BBILLCASH,BBILLCHECK,BCREDITAPP,BCREDITDENY,BNOACCT,BSAVECACCT,BINC12M,BINTERNET,BPSUPINT,CIHHCOMP,CINETHH,CINETHP,CINTUSE,CINTOUT,CINTOTHH,CINTLIBH,CINTSCH,CINTSCHH,CINONET,CIHSNET,CIPWT,CISUPPWT,UBSUPPWT
1,2009,2954,2954,2954,2954,2954,2954,1451,1451,1451,0,1451,1451,1451,1451,0,1451,0,0,0,0,0,0,0,0,0,0,1451,0,1503,0,1503,0,0,0,0,0,0,1503,0,1503,1451
1,2010,1553,1553,1553,1553,1553,1553,0,0,0,0,0,0,0,0,0,0,0,0,0,0,0,0,0,0,0,0,0,1553,1553,0,0,0,0,1553,0,1553,1553,1553,0,1553,0
1,2011,2913,2913,2913,2913,2913,2913,1477,1477,0,1477,1477,1477,0,1477,1477,1477,1477,0,0,0,0,0,0,0,0,0,1477,0,0,1436,0,0,1436,0,1436,0,1436,1436,1436,1436,1477
1,2012,1388,1388,1388,1388,1388,1388,0,0,0,0,0,0,0,0,0,0,0,0,0,0,0,0,0,0,0,0,0,0,0,1388,0,0,0,1388,0,1388,1388,1388,1388,1388,0
1,2013,2769,2769,2769,2769,2769,2769,1412,1412,0,1412,0,1412,0,0,1412,1412,1412,0,0,0,0,0,1412,0,0,0,1412,0,0,1357,0,1357,1357,0,1357,0,1357,1357,1357,1357,1412
1,2015,4960,4960,4960,4960,4960,4960,2443,2443,0,2443,0,0,0,0,0,2443,0,2443,2443,2443,2443,2443,2443,2443,2443,2443,2443,0,0,2517,0,2517,2517,0,2517,0,0,0,2517,2517,2443
1,2017,5183,5183,5183,5183,5183,5183,2622,2622,0,2622,0,0,0,0,0,2622,0,2622,2622,2622,2622,2622,2622,2622,2622,2622,2622,0,0,2561,0,2561,2561,0,2561,0,0,0,2561,2561,2622
2,2009,3611,3611,3611,3611,3611,3611,1802,1802,1802,0,1802,1802,1802,1802,0,1802,0,0,0,0,0,0,0,0,0,0,1802,0,1809,0,1809,0,0,0,0,0,0,1809,0,1809,1802
2,2010,1719,1719,1719,1719,1719,1719,0,0,0,0,0,0,0,0,0,0,0,0,0,0,0,0,0,0,0,0,0,1719,1719,0,0,0,0,1719,0,1719,1719,1719,0,1719,0
2,2011,3459,3459,3459,3459,3459,3459,1717,1717,0,1717,1717,1717,0,1717,1717,1717,1717,0,0,0,0,0,0,0,0,0,1717,0,0,1742,0,0,1742,0,1742,0,1742,1742,1742,1742,1717
2,2012,1643,1643,1643,1643,1643,1643,0,0,0,0,0,0,0,0,0,0,0,0,0,0,0,0,0,0,0,0,0,0,0,1643,0,0,0,1643,0,1643,1643,1643,1643,1643,0
2,2013,3054,3054,3054,3054,3054,3054,1571,1571,0,1571,0,1571,0,0,1571,1571,1571,0,0,0,0,0,1571,0,0,0,1571,0,0,1483,0,1483,1483,0,1483,0,1483,1483,1483,1483,1571
2,2015,3157,3157,3157,3157,3157,3157,1543,1543,0,1543,0,0,0,0,0,1543,0,1543,1543,1543,1543,1543,1543,1543,1543,1543,1543,0,0,1614,0,1614,1614,0,1614,0,0,0,1614,1614,1543
2,2017,2987,2987,2987,2987,2987,2987,1450,1450,0,1450,0,0,0,0,0,1450,0,1450,1450,1450,1450,1450,1450,1450,1450,1450,1450,0,0,1537,0,1537,1537,0,1537,0,0,0,1537,1537,1450
4,2009,3227,3227,3227,3227,3227,3227,1631,1631,1631,0,1631,1631,1631,1631,0,1631,0,0,0,0,0,0,0,0,0,0,1631,0,1596,0,1596,0,0,0,0,0,0,1596,0,1596,1631
4,2010,1602,1602,1602,1602,1602,1602,0,0,0,0,0,0,0,0,0,0,0,0,0,0,0,0,0,0,0,0,0,1602,1602,0,0,0,0,1602,0,1602,1602,1602,0,1602,0
4,2011,3258,3258,3258,3258,3258,3258,1669,1669,0,1669,1669,1669,0,1669,1669,1669,1669,0,0,0,0,0,0,0,0,0,1669,0,0,1589,0,0,1589,0,1589,0,1589,1589,1589,1589,1669
4,2012,1605,1605,1605,1605,1605,1605,0,0,0,0,0,0,0,0,0,0,0,0,0,0,0,0,0,0,0,0,0,0,0,1605,0,0,0,1605,0,1605,1605,1605,1605,1605,0
4,2013,3121,3121,3121,3121,3121,3121,1570,1570,0,1570,0,1570,0,0,1570,1570,1570,0,0,0,0,0,1570,0,0,0,1570,0,0,1551,0,1551,1551,0,1551,0,1551,1551,1551,1551,1570
4,2015,4080,4080,4080,4080,4080,4080,2009,2009,0,2009,0,0,0,0,0,2009,0,2009,2009,2009,2009,2009,2009,2009,2009,2009,2009,0,0,2071,0,2071,2071,0,2071,0,0,0,2071,2071,2009
4,2017,3923,3923,3923,3923,3923,3923,1906,1906,0,1906,0,0,0,0,0,1906,0,1906,1906,1906,1906,1906,1906,1906,1906,1906,1906,0,0,2017,0,2017,2017,0,2017,0,0,0,2017,2017,1906
5,2009,2939,2939,2939,2939,2939,2939,1502,1502,1502,0,1502,1502,1502,1502,0,1502,0,0,0,0,0,0,0,0,0,0,1502,0,1437,0,1437,0,0,0,0,0,0,1437,0,1437,1502
5,2010,1448,1448,1448,1448,1448,1448,0,0,0,0,0,0,0,0,0,0,0,0,0,0,0,0,0,0,0,0,0,1448,1448,0,0,0,0,1448,0,1448,1448,1448,0,1448,0
5,2011,2783,2783,2783,2783,2783,2783,1378,1378,0,1378,1378,1378,0,1378,1378,1378,1378,0,0,0,0,0,0,0,0,0,1378,0,0,1405,0,0,1405,0,1405,0,1405,1405,1405,1405,1378
5,2012,1490,1490,1490,1490,1490,1490,0,0,0,0,0,0,0,0,0,0,0,0,0,0,0,0,0,0,0,0,0,0,0,1490,0,0,0,1490,0,1490,1490,1490,1490,1490,0
5,2013,2917,2917,2917,2917,2917,2917,1456,1456,0,1456,0,1456,0,0,1456,1456,1456,0,0,0,0,0,1456,0,0,0,1456,0,0,1461,0,1461,1461,0,1461,0,1461,1461,1461,1461,1456
5,2015,4566,4566,4566,4566,4566,4566,2213,2213,0,2213,0,0,0,0,0,2213,0,2213,2213,2213,2213,2213,2213,2213,2213,2213,2213,0,0,2353,0,2353,2353,0,2353,0,0,0,2353,2353,2213
5,2017,4668,4668,4668,4668,4668,4668,2380,2380,0,2380,0,0,0,0,0,2380,0,2380,2380,2380,2380,2380,2380,2380,2380,2380,2380,0,0,2288,0,2288,2288,0,2288,0,0,0,2288,2288,2380
6,2009,22879,22879,22879,22879,22879,22879,11443,11443,11443,0,11443,11443,11443,11443,0,11443,0,0,0,0,0,0,0,0,0,0,11443,0,11436,0,11436,0,0,0,0,0,0,11436,0,11436,11443
6,2010,11628,11628,11628,11628,11628,11628,0,0,0,0,0,0,0,0,0,0,0,0,0,0,0,0,0,0,0,0,0,11628,11628,0,0,0,0,11628,0,11628,11628,11628,0,11628,0
6,2011,22837,22837,22837,22837,22837,22837,11408,11408,0,11408,11408,11408,0,11408,11408,11408,11408,0,0,0,0,0,0,0,0,0,11408,0,0,11429,0,0,11429,0,11429,0,11429,11429,11429,11429,11408
6,2012,11706,11706,11706,11706,11706,11706,0,0,0,0,0,0,0,0,0,0,0,0,0,0,0,0,0,0,0,0,0,0,0,11706,0,0,0,11706,0,11706,11706,11706,11706,11706,0
6,2013,23094,23094,23094,23094,23094,23094,11577,11577,0,11577,0,11577,0,0,11577,11577,11577,0,0,0,0,0,11577,0,0,0,11577,0,0,11517,0,11517,11517,0,11517,0,11517,11517,11517,11517,11577
6,2015,22343,22343,22343,22343,22343,22343,11070,11070,0,11070,0,0,0,0,0,11070,0,11070,11070,11070,11070,11070,11070,11070,11070,11070,11070,0,0,11273,0,11273,11273,0,11273,0,0,0,11273,11273,11070
6,2017,21801,21801,21801,21801,21801,21801,10670,10670,0,10670,0,0,0,0,0,10670,0,10670,10670,10670,10670,10670,10670,10670,10670,10670,10670,0,0,11131,0,11131,11131,0,11131,0,0,0,11131,11131,10670
8,2009,5795,5795,5795,5795,5795,5795,2893,2893,2893,0,2893,2893,2893,2893,0,2893,0,0,0,0,0,0,0,0,0,0,2893,0,2902,0,2902,0,0,0,0,0,0,2902,0,2902,2893
8,2010,2889,2889,2889,2889,2889,2889,0,0,0,0,0,0,0,0,0,0,0,0,0,0,0,0,0,0,0,0,0,2889,2889,0,0,0,0,2889,0,2889,2889,2889,0,2889,0
8,2011,5707,5707,5707,5707,5707,5707,2902,2902,0,2902,2902,2902,0,2902,2902,2902,2902,0,0,0,0,0,0,0,0,0,2902,0,0,2805,0,0,2805,0,2805,0,2805,2805,2805,2805,2902
8,2012,3035,3035,3035,3035,3035,3035,0,0,0,0,0,0,0,0,0,0,0,0,0,0,0,0,0,0,0,0,0,0,0,3035,0,0,0,3035,0,3035,3035,3035,3035,3035,0
8,2013,5917,5917,5917,5917,5917,5917,2938,2938,0,2938,0,2938,0,0,2938,2938,2938,0,0,0,0,0,2938,0,0,0,2938,0,0,2979,0,2979,2979,0,2979,0,2979,2979,2979,2979,2938
8,2015,3469,3469,3469,3469,3469,3469,1816,1816,0,1816,0,0,0,0,0,1816,0,1816,1816,1816,1816,1816,1816,1816,1816,1816,1816,0,0,1653,0,1653,1653,0,1653,0,0,0,1653,1653,1816
8,2017,3084,3084,3084,3084,3084,3084,1539,1539,0,1539,0,0,0,0,0,1539,0,1539,1539,1539,1539,1539,1539,1539,1539,1539,1539,0,0,1545,0,1545,1545,0,1545,0,0,0,1545,1545,1539
9,2009,6138,6138,6138,6138,6138,6138,3069,3069,3069,0,3069,3069,3069,3069,0,3069,0,0,0,0,0,0,0,0,0,0,3069,0,3069,0,3069,0,0,0,0,0,0,3069,0,3069,3069
9,2010,3123,3123,3123,3123,3123,3123,0,0,0,0,0,0,0,0,0,0,0,0,0,0,0,0,0,0,0,0,0,3123,3123,0,0,0,0,3123,0,3123,3123,3123,0,3123,0
9,2011,6013,6013,6013,6013,6013,6013,3034,3034,0,3034,3034,3034,0,3034,3034,3034,3034,0,0,0,0,0,0,0,0,0,3034,0,0,2979,0,0,2979,0,2979,0,2979,2979,2979,2979,3034
9,2012,2915,2915,2915,2915,2915,2915,0,0,0,0,0,0,0,0,0,0,0,0,0,0,0,0,0,0,0,0,0,0,0,2915,0,0,0,2915,0,2915,2915,2915,2915,2915,0
9,2013,5762,5762,5762,5762,5762,5762,2860,2860,0,2860,0,2860,0,0,2860,2860,2860,0,0,0,0,0,2860,0,0,0,2860,0,0,2902,0,2902,2902,0,2902,0,2902,2902,2902,2902,2860
9,2015,2930,2930,2930,2930,2930,2930,1562,1562,0,1562,0,0,0,0,0,1562,0,1562,1562,1562,1562,1562,1562,1562,1562,1562,1562,0,0,1368,0,1368,1368,0,1368,0,0,0,1368,1368,1562
9,2017,2564,2564,2564,2564,2564,2564,1286,1286,0,1286,0,0,0,0,0,1286,0,1286,1286,1286,1286,1286,1286,1286,1286,1286,1286,0,0,1278,0,1278,1278,0,1278,0,0,0,1278,1278,1286
10,2009,4111,4111,4111,4111,4111,4111,1966,1966,1966,0,1966,1966,1966,1966,0,1966,0,0,0,0,0,0,0,0,0,0,1966,0,2145,0,2145,0,0,0,0,0,0,2145,0,2145,1966
10,2010,2185,2185,2185,2185,2185,2185,0,0,0,0,0,0,0,0,0,0,0,0,0,0,0,0,0,0,0,0,0,2185,2185,0,0,0,0,2185,0,2185,2185,2185,0,2185,0
10,2011,4344,4344,4344,4344,4344,4344,2174,2174,0,2174,2174,2174,0,2174,2174,2174,2174,0,0,0,0,0,0,0,0,0,2174,0,0,2170,0,0,2170,0,2170,0,2170,2170,2170,2170,2174
10,2012,2110,2110,2110,2110,2110,2110,0,0,0,0,0,0,0,0,0,0,0,0,0,0,0,0,0,0,0,0,0,0,0,2110,0,0,0,2110,0,2110,2110,2110,2110,2110,0
10,2013,4222,4222,4222,4222,4222,4222,2063,2063,0,2063,0,2063,0,0,2063,2063,2063,0,0,0,0,0,2063,0,0,0,2063,0,0,2159,0,2159,2159,0,2159,0,2159,2159,2159,2159,2063
10,2015,2847,2847,2847,2847,2847,2847,1490,1490,0,1490,0,0,0,0,0,1490,0,1490,1490,1490,1490,1490,1490,1490,1490,1490,1490,0,0,1357,0,1357,1357,0,1357,0,0,0,1357,1357,1490
10,2017,2641,2641,2641,2641,2641,2641,1197,1197,0,1197,0,0,0,0,0,1197,0,1197,1197,1197,1197,1197,1197,1197,1197,1197,1197,0,0,1444,0,1444,1444,0,1444,0,0,0,1444,1444,1197
11,2009,3233,3233,3233,3233,3233,3233,1604,1604,1604,0,1604,1604,1604,1604,0,1604,0,0,0,0,0,0,0,0,0,0,1604,0,1629,0,1629,0,0,0,0,0,0,1629,0,1629,1604
11,2010,1669,1669,1669,1669,1669,1669,0,0,0,0,0,0,0,0,0,0,0,0,0,0,0,0,0,0,0,0,0,1669,1669,0,0,0,0,1669,0,1669,1669,1669,0,1669,0
11,2011,3547,3547,3547,3547,3547,3547,1755,1755,0,1755,1755,1755,0,1755,1755,1755,1755,0,0,0,0,0,0,0,0,0,1755,0,0,1792,0,0,1792,0,1792,0,1792,1792,1792,1792,1755
11,2012,1772,1772,1772,1772,1772,1772,0,0,0,0,0,0,0,0,0,0,0,0,0,0,0,0,0,0,0,0,0,0,0,1772,0,0,0,1772,0,1772,1772,1772,1772,1772,0
11,2013,3381,3381,3381,3381,3381,3381,1716,1716,0,1716,0,1716,0,0,1716,1716,1716,0,0,0,0,0,1716,0,0,0,1716,0,0,1665,0,1665,1665,0,1665,0,1665,1665,1665,1665,1716
11,2015,3833,3833,3833,3833,3833,3833,1908,1908,0,1908,0,0,0,0,0,1908,0,1908,1908,1908,1908,1908,1908,1908,1908,1908,1908,0,0,1925,0,1925,1925,0,1925,0,0,0,1925,1925,1908
11,2017,3893,3893,3893,3893,3893,3893,1868,1868,0,1868,0,0,0,0,0,1868,0,1868,1868,1868,1868,1868,1868,1868,1868,1868,1868,0,0,2025,0,2025,2025,0,2025,0,0,0,2025,2025,1868
12,2009,10187,10187,10187,10187,10187,10187,5115,5115,5115,0,5115,5115,5115,5115,0,5115,0,0,0,0,0,0,0,0,0,0,5115,0,5072,0,5072,0,0,0,0,0,0,5072,0,5072,5115
12,2010,5080,5080,5080,5080,5080,5080,0,0,0,0,0,0,0,0,0,0,0,0,0,0,0,0,0,0,0,0,0,5080,5080,0,0,0,0,5080,0,5080,5080,5080,0,5080,0
12,2011,10032,10032,10032,10032,10032,10032,5047,5047,0,5047,5047,5047,0,5047,5047,5047,5047,0,0,0,0,0,0,0,0,0,5047,0,0,4985,0,0,4985,0,4985,0,4985,4985,4985,4985,5047
12,2012,5128,5128,5128,5128,5128,5128,0,0,0,0,0,0,0,0,0,0,0,0,0,0,0,0,0,0,0,0,0,0,0,5128,0,0,0,5128,0,5128,5128,5128,5128,5128,0
12,2013,10224,10224,10224,10224,10224,10224,5121,5121,0,5121,0,5121,0,0,5121,5121,5121,0,0,0,0,0,5121,0,0,0,5121,0,0,5103,0,5103,5103,0,5103,0,5103,5103,5103,5103,5121
12,2015,10711,10711,10711,10711,10711,10711,5288,5288,0,5288,0,0,0,0,0,5288,0,5288,5288,5288,5288,5288,5288,5288,5288,5288,5288,0,0,5423,0,5423,5423,0,5423,0,0,0,5423,5423,5288
12,2017,10916,10916,10916,10916,10916,10916,5447,5447,0,5447,0,0,0,0,0,5447,0,5447,5447,5447,5447,5447,5447,5447,5447,5447,5447,0,0,5469,0,5469,5469,0,5469,0,0,0,5469,5469,5447
13,2009,5617,5617,5617,5617,5617,5617,2864,2864,2864,0,2864,2864,2864,2864,0,2864,0,0,0,0,0,0,0,0,0,0,2864,0,2753,0,2753,0,0,0,0,0,0,2753,0,2753,2864
13,2010,2774,2774,2774,2774,2774,2774,0,0,0,0,0,0,0,0,0,0,0,0,0,0,0,0,0,0,0,0,0,2774,2774,0,0,0,0,2774,0,2774,2774,2774,0,2774,0
13,2011,5689,5689,5689,5689,5689,5689,2839,2839,0,2839,2839,2839,0,2839,2839,2839,2839,0,0,0,0,0,0,0,0,0,2839,0,0,2850,0,0,2850,0,2850,0,2850,2850,2850,2850,2839
13,2012,2776,2776,2776,2776,2776,2776,0,0,0,0,0,0,0,0,0,0,0,0,0,0,0,0,0,0,0,0,0,0,0,2776,0,0,0,2776,0,2776,2776,2776,2776,2776,0
13,2013,5603,5603,5603,5603,5603,5603,2787,2787,0,2787,0,2787,0,0,2787,2787,2787,0,0,0,0,0,2787,0,0,0,2787,0,0,2816,0,2816,2816,0,2816,0,2816,2816,2816,2816,2787
13,2015,5539,5539,5539,5539,5539,5539,2797,2797,0,2797,0,0,0,0,0,2797,0,2797,2797,2797,2797,2797,2797,2797,2797,2797,2797,0,0,2742,0,2742,2742,0,2742,0,0,0,2742,2742,2797
13,2017,5760,5760,5760,5760,5760,5760,2748,2748,0,2748,0,0,0,0,0,2748,0,2748,2748,2748,2748,2748,2748,2748,2748,2748,2748,0,0,3012,0,3012,3012,0,3012,0,0,0,3012,3012,2748
15,2009,4076,4076,4076,4076,4076,4076,2056,2056,2056,0,2056,2056,2056,2056,0,2056,0,0,0,0,0,0,0,0,0,0,2056,0,2020,0,2020,0,0,0,0,0,0,2020,0,2020,2056
15,2010,2128,2128,2128,2128,2128,2128,0,0,0,0,0,0,0,0,0,0,0,0,0,0,0,0,0,0,0,0,0,2128,2128,0,0,0,0,2128,0,2128,2128,2128,0,2128,0
15,2011,4231,4231,4231,4231,4231,4231,2115,2115,0,2115,2115,2115,0,2115,2115,2115,2115,0,0,0,0,0,0,0,0,0,2115,0,0,2116,0,0,2116,0,2116,0,2116,2116,2116,2116,2115
15,2012,2149,2149,2149,2149,2149,2149,0,0,0,0,0,0,0,0,0,0,0,0,0,0,0,0,0,0,0,0,0,0,0,2149,0,0,0,2149,0,2149,2149,2149,2149,2149,0
15,2013,4426,4426,4426,4426,4426,4426,2218,2218,0,2218,0,2218,0,0,2218,2218,2218,0,0,0,0,0,2218,0,0,0,2218,0,0,2208,0,2208,2208,0,2208,0,2208,2208,2208,2208,2218
15,2015,3927,3927,3927,3927,3927,3927,1925,1925,0,1925,0,0,0,0,0,1925,0,1925,1925,1925,1925,1925,1925,1925,1925,1925,1925,0,0,2002,0,2002,2002,0,2002,0,0,0,2002,2002,1925
15,2017,3753,3753,3753,3753,3753,3753,1771,1771,0,1771,0,0,0,0,0,1771,0,1771,1771,1771,1771,1771,1771,1771,1771,1771,1771,0,0,1982,0,1982,1982,0,1982,0,0,0,1982,1982,1771
16,2009,3142,3142,3142,3142,3142,3142,1546,1546,1546,0,1546,1546,1546,1546,0,1546,0,0,0,0,0,0,0,0,0,0,1546,0,1596,0,1596,0,0,0,0,0,0,1596,0,1596,1546
16,2010,1598,1598,1598,1598,1598,1598,0,0,0,0,0,0,0,0,0,0,0,0,0,0,0,0,0,0,0,0,0,1598,1598,0,0,0,0,1598,0,1598,1598,1598,0,1598,0
16,2011,3202,3202,3202,3202,3202,3202,1562,1562,0,1562,1562,1562,0,1562,1562,1562,1562,0,0,0,0,0,0,0,0,0,1562,0,0,1640,0,0,1640,0,1640,0,1640,1640,1640,1640,1562
16,2012,1642,1642,1642,1642,1642,1642,0,0,0,0,0,0,0,0,0,0,0,0,0,0,0,0,0,0,0,0,0,0,0,1642,0,0,0,1642,0,1642,1642,1642,1642,1642,0
16,2013,2970,2970,2970,2970,2970,2970,1464,1464,0,1464,0,1464,0,0,1464,1464,1464,0,0,0,0,0,1464,0,0,0,1464,0,0,1506,0,1506,1506,0,1506,0,1506,1506,1506,1506,1464
16,2015,3864,3864,3864,3864,3864,3864,1896,1896,0,1896,0,0,0,0,0,1896,0,1896,1896,1896,1896,1896,1896,1896,1896,1896,1896,0,0,1968,0,1968,1968,0,1968,0,0,0,1968,1968,1896
16,2017,4205,4205,4205,4205,4205,4205,2097,2097,0,2097,0,0,0,0,0,2097,0,2097,2097,2097,2097,2097,2097,2097,2097,2097,2097,0,0,2108,0,2108,2108,0,2108,0,0,0,2108,2108,2097
17,2009,8368,8368,8368,8368,8368,8368,4312,4312,4312,0,4312,4312,4312,4312,0,4312,0,0,0,0,0,0,0,0,0,0,4312,0,4056,0,4056,0,0,0,0,0,0,4056,0,4056,4312
17,2010,4106,4106,4106,4106,4106,4106,0,0,0,0,0,0,0,0,0,0,0,0,0,0,0,0,0,0,0,0,0,4106,4106,0,0,0,0,4106,0,4106,4106,4106,0,4106,0
17,2011,7997,7997,7997,7997,7997,7997,4024,4024,0,4024,4024,4024,0,4024,4024,4024,4024,0,0,0,0,0,0,0,0,0,4024,0,0,3973,0,0,3973,0,3973,0,3973,3973,3973,3973,4024
17,2012,4070,4070,4070,4070,4070,4070,0,0,0,0,0,0,0,0,0,0,0,0,0,0,0,0,0,0,0,0,0,0,0,4070,0,0,0,4070,0,4070,4070,4070,4070,4070,0
17,2013,7904,7904,7904,7904,7904,7904,3963,3963,0,3963,0,3963,0,0,3963,3963,3963,0,0,0,0,0,3963,0,0,0,3963,0,0,3941,0,3941,3941,0,3941,0,3941,3941,3941,3941,3963
17,2015,7750,7750,7750,7750,7750,7750,3858,3858,0,3858,0,0,0,0,0,3858,0,3858,3858,3858,3858,3858,3858,3858,3858,3858,3858,0,0,3892,0,3892,3892,0,3892,0,0,0,3892,3892,3858
17,2017,7172,7172,7172,7172,7172,7172,3524,3524,0,3524,0,0,0,0,0,3524,0,3524,3524,3524,3524,3524,3524,3524,3524,3524,3524,0,0,3648,0,3648,3648,0,3648,0,0,0,3648,3648,3524
18,2009,4245,4245,4245,4245,4245,4245,2135,2135,2135,0,2135,2135,2135,2135,0,2135,0,0,0,0,0,0,0,0,0,0,2135,0,2110,0,2110,0,0,0,0,0,0,2110,0,2110,2135
18,2010,2042,2042,2042,2042,2042,2042,0,0,0,0,0,0,0,0,0,0,0,0,0,0,0,0,0,0,0,0,0,2042,2042,0,0,0,0,2042,0,2042,2042,2042,0,2042,0
18,2011,4059,4059,4059,4059,4059,4059,2033,2033,0,2033,2033,2033,0,2033,2033,2033,2033,0,0,0,0,0,0,0,0,0,2033,0,0,2026,0,0,2026,0,2026,0,2026,2026,2026,2026,2033
18,2012,2021,2021,2021,2021,2021,2021,0,0,0,0,0,0,0,0,0,0,0,0,0,0,0,0,0,0,0,0,0,0,0,2021,0,0,0,2021,0,2021,2021,2021,2021,2021,0
18,2013,4199,4199,4199,4199,4199,4199,2083,2083,0,2083,0,2083,0,0,2083,2083,2083,0,0,0,0,0,2083,0,0,0,2083,0,0,2116,0,2116,2116,0,2116,0,2116,2116,2116,2116,2083
18,2015,3884,3884,3884,3884,3884,3884,1943,1943,0,1943,0,0,0,0,0,1943,0,1943,1943,1943,1943,1943,1943,1943,1943,1943,1943,0,0,1941,0,1941,1941,0,1941,0,0,0,1941,1941,1943
18,2017,4169,4169,4169,4169,4169,4169,2143,2143,0,2143,0,0,0,0,0,2143,0,2143,2143,2143,2143,2143,2143,2143,2143,2143,2143,0,0,2026,0,2026,2026,0,2026,0,0,0,2026,2026,2143
19,2009,5089,5089,5089,5089,5089,5089,2570,2570,2570,0,2570,2570,2570,2570,0,2570,0,0,0,0,0,0,0,0,0,0,2570,0,2519,0,2519,0,0,0,0,0,0,2519,0,2519,2570
19,2010,2526,2526,2526,2526,2526,2526,0,0,0,0,0,0,0,0,0,0,0,0,0,0,0,0,0,0,0,0,0,2526,2526,0,0,0,0,2526,0,2526,2526,2526,0,2526,0
19,2011,4960,4960,4960,4960,4960,4960,2469,2469,0,2469,2469,2469,0,2469,2469,2469,2469,0,0,0,0,0,0,0,0,0,2469,0,0,2491,0,0,2491,0,2491,0,2491,2491,2491,2491,2469
19,2012,2509,2509,2509,2509,2509,2509,0,0,0,0,0,0,0,0,0,0,0,0,0,0,0,0,0,0,0,0,0,0,0,2509,0,0,0,2509,0,2509,2509,2509,2509,2509,0
19,2013,5052,5052,5052,5052,5052,5052,2526,2526,0,2526,0,2526,0,0,2526,2526,2526,0,0,0,0,0,2526,0,0,0,2526,0,0,2526,0,2526,2526,0,2526,0,2526,2526,2526,2526,2526
19,2015,2971,2971,2971,2971,2971,2971,1528,1528,0,1528,0,0,0,0,0,1528,0,1528,1528,1528,1528,1528,1528,1528,1528,1528,1528,0,0,1443,0,1443,1443,0,1443,0,0,0,1443,1443,1528
19,2017,2937,2937,2937,2937,2937,2937,1453,1453,0,1453,0,0,0,0,0,1453,0,1453,1453,1453,1453,1453,1453,1453,1453,1453,1453,0,0,1484,0,1484,1484,0,1484,0,0,0,1484,1484,1453
20,2009,3885,3885,3885,3885,3885,3885,1984,1984,1984,0,1984,1984,1984,1984,0,1984,0,0,0,0,0,0,0,0,0,0,1984,0,1901,0,1901,0,0,0,0,0,0,1901,0,1901,1984
20,2010,1948,1948,1948,1948,1948,1948,0,0,0,0,0,0,0,0,0,0,0,0,0,0,0,0,0,0,0,0,0,1948,1948,0,0,0,0,1948,0,1948,1948,1948,0,1948,0
20,2011,4033,4033,4033,4033,4033,4033,1999,1999,0,1999,1999,1999,0,1999,1999,1999,1999,0,0,0,0,0,0,0,0,0,1999,0,0,2034,0,0,2034,0,2034,0,2034,2034,2034,2034,1999
20,2012,1844,1844,1844,1844,1844,1844,0,0,0,0,0,0,0,0,0,0,0,0,0,0,0,0,0,0,0,0,0,0,0,1844,0,0,0,1844,0,1844,1844,1844,1844,1844,0
20,2013,3867,3867,3867,3867,3867,3867,1936,1936,0,1936,0,1936,0,0,1936,1936,1936,0,0,0,0,0,1936,0,0,0,1936,0,0,1931,0,1931,1931,0,1931,0,1931,1931,1931,1931,1936
20,2015,3111,3111,3111,3111,3111,3111,1596,1596,0,1596,0,0,0,0,0,1596,0,1596,1596,1596,1596,1596,1596,1596,1596,1596,1596,0,0,1515,0,1515,1515,0,1515,0,0,0,1515,1515,1596
20,2017,3210,3210,3210,3210,3210,3210,1583,1583,0,1583,0,0,0,0,0,1583,0,1583,1583,1583,1583,1583,1583,1583,1583,1583,1583,0,0,1627,0,1627,1627,0,1627,0,0,0,1627,1627,1583
21,2009,3949,3949,3949,3949,3949,3949,1979,1979,1979,0,1979,1979,1979,1979,0,1979,0,0,0,0,0,0,0,0,0,0,1979,0,1970,0,1970,0,0,0,0,0,0,1970,0,1970,1979
21,2010,2068,2068,2068,2068,2068,2068,0,0,0,0,0,0,0,0,0,0,0,0,0,0,0,0,0,0,0,0,0,2068,2068,0,0,0,0,2068,0,2068,2068,2068,0,2068,0
21,2011,3996,3996,3996,3996,3996,3996,1985,1985,0,1985,1985,1985,0,1985,1985,1985,1985,0,0,0,0,0,0,0,0,0,1985,0,0,2011,0,0,2011,0,2011,0,2011,2011,2011,2011,1985
21,2012,1921,1921,1921,1921,1921,1921,0,0,0,0,0,0,0,0,0,0,0,0,0,0,0,0,0,0,0,0,0,0,0,1921,0,0,0,1921,0,1921,1921,1921,1921,1921,0
21,2013,3815,3815,3815,3815,3815,3815,1889,1889,0,1889,0,1889,0,0,1889,1889,1889,0,0,0,0,0,1889,0,0,0,1889,0,0,1926,0,1926,1926,0,1926,0,1926,1926,1926,1926,1889
21,2015,3495,3495,3495,3495,3495,3495,1725,1725,0,1725,0,0,0,0,0,1725,0,1725,1725,1725,1725,1725,1725,1725,1725,1725,1725,0,0,1770,0,1770,1770,0,1770,0,0,0,1770,1770,1725
21,2017,3410,3410,3410,3410,3410,3410,1776,1776,0,1776,0,0,0,0,0,1776,0,1776,1776,1776,1776,1776,1776,1776,1776,1776,1776,0,0,1634,0,1634,1634,0,1634,0,0,0,1634,1634,1776
22,2009,2560,2560,2560,2560,2560,2560,1242,1242,1242,0,1242,1242,1242,1242,0,1242,0,0,0,0,0,0,0,0,0,0,1242,0,1318,0,1318,0,0,0,0,0,0,1318,0,1318,1242
22,2010,1310,1310,1310,1310,1310,1310,0,0,0,0,0,0,0,0,0,0,0,0,0,0,0,0,0,0,0,0,0,1310,1310,0,0,0,0,1310,0,1310,1310,1310,0,1310,0
22,2011,2604,2604,2604,2604,2604,2604,1309,1309,0,1309,1309,1309,0,1309,1309,1309,1309,0,0,0,0,0,0,0,0,0,1309,0,0,1295,0,0,1295,0,1295,0,1295,1295,1295,1295,1309
22,2012,1361,1361,1361,1361,1361,1361,0,0,0,0,0,0,0,0,0,0,0,0,0,0,0,0,0,0,0,0,0,0,0,1361,0,0,0,1361,0,1361,1361,1361,1361,1361,0
22,2013,2619,2619,2619,2619,2619,2619,1279,1279,0,1279,0,1279,0,0,1279,1279,1279,0,0,0,0,0,1279,0,0,0,1279,0,0,1340,0,1340,1340,0,1340,0,1340,1340,1340,1340,1279
22,2015,5869,5869,5869,5869,5869,5869,2885,2885,0,2885,0,0,0,0,0,2885,0,2885,2885,2885,2885,2885,2885,2885,2885,2885,2885,0,0,2984,0,2984,2984,0,2984,0,0,0,2984,2984,2885
22,2017,5690,5690,5690,5690,5690,5690,2897,2897,0,2897,0,0,0,0,0,2897,0,2897,2897,2897,2897,2897,2897,2897,2897,2897,2897,0,0,2793,0,2793,2793,0,2793,0,0,0,2793,2793,2897
23,2009,5082,5082,5082,5082,5082,5082,2507,2507,2507,0,2507,2507,2507,2507,0,2507,0,0,0,0,0,0,0,0,0,0,2507,0,2575,0,2575,0,0,0,0,0,0,2575,0,2575,2507
23,2010,2538,2538,2538,2538,2538,2538,0,0,0,0,0,0,0,0,0,0,0,0,0,0,0,0,0,0,0,0,0,2538,2538,0,0,0,0,2538,0,2538,2538,2538,0,2538,0
23,2011,4828,4828,4828,4828,4828,4828,2396,2396,0,2396,2396,2396,0,2396,2396,2396,2396,0,0,0,0,0,0,0,0,0,2396,0,0,2432,0,0,2432,0,2432,0,2432,2432,2432,2432,2396
23,2012,2390,2390,2390,2390,2390,2390,0,0,0,0,0,0,0,0,0,0,0,0,0,0,0,0,0,0,0,0,0,0,0,2390,0,0,0,2390,0,2390,2390,2390,2390,2390,0
23,2013,4523,4523,4523,4523,4523,4523,2290,2290,0,2290,0,2290,0,0,2290,2290,2290,0,0,0,0,0,2290,0,0,0,2290,0,0,2233,0,2233,2233,0,2233,0,2233,2233,2233,2233,2290
23,2015,2395,2395,2395,2395,2395,2395,1240,1240,0,1240,0,0,0,0,0,1240,0,1240,1240,1240,1240,1240,1240,1240,1240,1240,1240,0,0,1155,0,1155,1155,0,1155,0,0,0,1155,1155,1240
23,2017,2231,2231,2231,2231,2231,2231,1115,1115,0,1115,0,0,0,0,0,1115,0,1115,1115,1115,1115,1115,1115,1115,1115,1115,1115,0,0,1116,0,1116,1116,0,1116,0,0,0,1116,1116,1115
24,2009,6408,6408,6408,6408,6408,6408,3203,3203,3203,0,3203,3203,3203,3203,0,3203,0,0,0,0,0,0,0,0,0,0,3203,0,3205,0,3205,0,0,0,0,0,0,3205,0,3205,3203
24,2010,3176,3176,3176,3176,3176,3176,0,0,0,0,0,0,0,0,0,0,0,0,0,0,0,0,0,0,0,0,0,3176,3176,0,0,0,0,3176,0,3176,3176,3176,0,3176,0
24,2011,6626,6626,6626,6626,6626,6626,3292,3292,0,3292,3292,3292,0,3292,3292,3292,3292,0,0,0,0,0,0,0,0,0,3292,0,0,3334,0,0,3334,0,3334,0,3334,3334,3334,3334,3292
24,2012,3116,3116,3116,3116,3116,3116,0,0,0,0,0,0,0,0,0,0,0,0,0,0,0,0,0,0,0,0,0,0,0,3116,0,0,0,3116,0,3116,3116,3116,3116,3116,0
24,2013,6493,6493,6493,6493,6493,6493,3246,3246,0,3246,0,3246,0,0,3246,3246,3246,0,0,0,0,0,3246,0,0,0,3246,0,0,3247,0,3247,3247,0,3247,0,3247,3247,3247,3247,3246
24,2015,3353,3353,3353,3353,3353,3353,1773,1773,0,1773,0,0,0,0,0,1773,0,1773,1773,1773,1773,1773,1773,1773,1773,1773,1773,0,0,1580,0,1580,1580,0,1580,0,0,0,1580,1580,1773
24,2017,3228,3228,3228,3228,3228,3228,1597,1597,0,1597,0,0,0,0,0,1597,0,1597,1597,1597,1597,1597,1597,1597,1597,1597,1597,0,0,1631,0,1631,1631,0,1631,0,0,0,1631,1631,1597
25,2009,4028,4028,4028,4028,4028,4028,1942,1942,1942,0,1942,1942,1942,1942,0,1942,0,0,0,0,0,0,0,0,0,0,1942,0,2086,0,2086,0,0,0,0,0,0,2086,0,2086,1942
25,2010,2104,2104,2104,2104,2104,2104,0,0,0,0,0,0,0,0,0,0,0,0,0,0,0,0,0,0,0,0,0,2104,2104,0,0,0,0,2104,0,2104,2104,2104,0,2104,0
25,2011,4126,4126,4126,4126,4126,4126,2085,2085,0,2085,2085,2085,0,2085,2085,2085,2085,0,0,0,0,0,0,0,0,0,2085,0,0,2041,0,0,2041,0,2041,0,2041,2041,2041,2041,2085
25,2012,2073,2073,2073,2073,2073,2073,0,0,0,0,0,0,0,0,0,0,0,0,0,0,0,0,0,0,0,0,0,0,0,2073,0,0,0,2073,0,2073,2073,2073,2073,2073,0
25,2013,3851,3851,3851,3851,3851,3851,1926,1926,0,1926,0,1926,0,0,1926,1926,1926,0,0,0,0,0,1926,0,0,0,1926,0,0,1925,0,1925,1925,0,1925,0,1925,1925,1925,1925,1926
25,2015,4794,4794,4794,4794,4794,4794,2369,2369,0,2369,0,0,0,0,0,2369,0,2369,2369,2369,2369,2369,2369,2369,2369,2369,2369,0,0,2425,0,2425,2425,0,2425,0,0,0,2425,2425,2369
25,2017,5290,5290,5290,5290,5290,5290,2647,2647,0,2647,0,0,0,0,0,2647,0,2647,2647,2647,2647,2647,2647,2647,2647,2647,2647,0,0,2643,0,2643,2643,0,2643,0,0,0,2643,2643,2647
26,2009,6310,6310,6310,6310,6310,6310,3225,3225,3225,0,3225,3225,3225,3225,0,3225,0,0,0,0,0,0,0,0,0,0,3225,0,3085,0,3085,0,0,0,0,0,0,3085,0,3085,3225
26,2010,3097,3097,3097,3097,3097,3097,0,0,0,0,0,0,0,0,0,0,0,0,0,0,0,0,0,0,0,0,0,3097,3097,0,0,0,0,3097,0,3097,3097,3097,0,3097,0
26,2011,6283,6283,6283,6283,6283,6283,3149,3149,0,3149,3149,3149,0,3149,3149,3149,3149,0,0,0,0,0,0,0,0,0,3149,0,0,3134,0,0,3134,0,3134,0,3134,3134,3134,3134,3149
26,2012,3135,3135,3135,3135,3135,3135,0,0,0,0,0,0,0,0,0,0,0,0,0,0,0,0,0,0,0,0,0,0,0,3135,0,0,0,3135,0,3135,3135,3135,3135,3135,0
26,2013,6302,6302,6302,6302,6302,6302,3147,3147,0,3147,0,3147,0,0,3147,3147,3147,0,0,0,0,0,3147,0,0,0,3147,0,0,3155,0,3155,3155,0,3155,0,3155,3155,3155,3155,3147
26,2015,5645,5645,5645,5645,5645,5645,2860,2860,0,2860,0,0,0,0,0,2860,0,2860,2860,2860,2860,2860,2860,2860,2860,2860,2860,0,0,2785,0,2785,2785,0,2785,0,0,0,2785,2785,2860
26,2017,5882,5882,5882,5882,5882,5882,2898,2898,0,2898,0,0,0,0,0,2898,0,2898,2898,2898,2898,2898,2898,2898,2898,2898,2898,0,0,2984,0,2984,2984,0,2984,0,0,0,2984,2984,2898
27,2009,6477,6477,6477,6477,6477,6477,3225,3225,3225,0,3225,3225,3225,3225,0,3225,0,0,0,0,0,0,0,0,0,0,3225,0,3252,0,3252,0,0,0,0,0,0,3252,0,3252,3225
27,2010,3285,3285,3285,3285,3285,3285,0,0,0,0,0,0,0,0,0,0,0,0,0,0,0,0,0,0,0,0,0,3285,3285,0,0,0,0,3285,0,3285,3285,3285,0,3285,0
27,2011,6600,6600,6600,6600,6600,6600,3206,3206,0,3206,3206,3206,0,3206,3206,3206,3206,0,0,0,0,0,0,0,0,0,3206,0,0,3394,0,0,3394,0,3394,0,3394,3394,3394,3394,3206
27,2012,3221,3221,3221,3221,3221,3221,0,0,0,0,0,0,0,0,0,0,0,0,0,0,0,0,0,0,0,0,0,0,0,3221,0,0,0,3221,0,3221,3221,3221,3221,3221,0
27,2013,6452,6452,6452,6452,6452,6452,3199,3199,0,3199,0,3199,0,0,3199,3199,3199,0,0,0,0,0,3199,0,0,0,3199,0,0,3253,0,3253,3253,0,3253,0,3253,3253,3253,3253,3199
27,2015,3524,3524,3524,3524,3524,3524,1847,1847,0,1847,0,0,0,0,0,1847,0,1847,1847,1847,1847,1847,1847,1847,1847,1847,1847,0,0,1677,0,1677,1677,0,1677,0,0,0,1677,1677,1847
27,2017,3338,3338,3338,3338,3338,3338,1691,1691,0,1691,0,0,0,0,0,1691,0,1691,1691,1691,1691,1691,1691,1691,1691,1691,1691,0,0,1647,0,1647,1647,0,1647,0,0,0,1647,1647,1691
28,2009,2548,2548,2548,2548,2548,2548,1246,1246,1246,0,1246,1246,1246,1246,0,1246,0,0,0,0,0,0,0,0,0,0,1246,0,1302,0,1302,0,0,0,0,0,0,1302,0,1302,1246
28,2010,1274,1274,1274,1274,1274,1274,0,0,0,0,0,0,0,0,0,0,0,0,0,0,0,0,0,0,0,0,0,1274,1274,0,0,0,0,1274,0,1274,1274,1274,0,1274,0
28,2011,2526,2526,2526,2526,2526,2526,1251,1251,0,1251,1251,1251,0,1251,1251,1251,1251,0,0,0,0,0,0,0,0,0,1251,0,0,1275,0,0,1275,0,1275,0,1275,1275,1275,1275,1251
28,2012,1190,1190,1190,1190,1190,1190,0,0,0,0,0,0,0,0,0,0,0,0,0,0,0,0,0,0,0,0,0,0,0,1190,0,0,0,1190,0,1190,1190,1190,1190,1190,0
28,2013,2393,2393,2393,2393,2393,2393,1177,1177,0,1177,0,1177,0,0,1177,1177,1177,0,0,0,0,0,1177,0,0,0,1177,0,0,1216,0,1216,1216,0,1216,0,1216,1216,1216,1216,1177
28,2015,4881,4881,4881,4881,4881,4881,2362,2362,0,2362,0,0,0,0,0,2362,0,2362,2362,2362,2362,2362,2362,2362,2362,2362,2362,0,0,2519,0,2519,2519,0,2519,0,0,0,2519,2519,2362
28,2017,4782,4782,4782,4782,4782,4782,2384,2384,0,2384,0,0,0,0,0,2384,0,2384,2384,2384,2384,2384,2384,2384,2384,2384,2384,0,0,2398,0,2398,2398,0,2398,0,0,0,2398,2398,2384
29,2009,4618,4618,4618,4618,4618,4618,2338,2338,2338,0,2338,2338,2338,2338,0,2338,0,0,0,0,0,0,0,0,0,0,2338,0,2280,0,2280,0,0,0,0,0,0,2280,0,2280,2338
29,2010,2325,2325,2325,2325,2325,2325,0,0,0,0,0,0,0,0,0,0,0,0,0,0,0,0,0,0,0,0,0,2325,2325,0,0,0,0,2325,0,2325,2325,2325,0,2325,0
29,2011,4441,4441,4441,4441,4441,4441,2221,2221,0,2221,2221,2221,0,2221,2221,2221,2221,0,0,0,0,0,0,0,0,0,2221,0,0,2220,0,0,2220,0,2220,0,2220,2220,2220,2220,2221
29,2012,2182,2182,2182,2182,2182,2182,0,0,0,0,0,0,0,0,0,0,0,0,0,0,0,0,0,0,0,0,0,0,0,2182,0,0,0,2182,0,2182,2182,2182,2182,2182,0
29,2013,4380,4380,4380,4380,4380,4380,2231,2231,0,2231,0,2231,0,0,2231,2231,2231,0,0,0,0,0,2231,0,0,0,2231,0,0,2149,0,2149,2149,0,2149,0,2149,2149,2149,2149,2231
29,2015,3471,3471,3471,3471,3471,3471,1709,1709,0,1709,0,0,0,0,0,1709,0,1709,1709,1709,1709,1709,1709,1709,1709,1709,1709,0,0,1762,0,1762,1762,0,1762,0,0,0,1762,1762,1709
29,2017,3797,3797,3797,3797,3797,3797,1967,1967,0,1967,0,0,0,0,0,1967,0,1967,1967,1967,1967,1967,1967,1967,1967,1967,1967,0,0,1830,0,1830,1830,0,1830,0,0,0,1830,1830,1967
30,2009,2530,2530,2530,2530,2530,2530,1253,1253,1253,0,1253,1253,1253,1253,0,1253,0,0,0,0,0,0,0,0,0,0,1253,0,1277,0,1277,0,0,0,0,0,0,1277,0,1277,1253
30,2010,1173,1173,1173,1173,1173,1173,0,0,0,0,0,0,0,0,0,0,0,0,0,0,0,0,0,0,0,0,0,1173,1173,0,0,0,0,1173,0,1173,1173,1173,0,1173,0
30,2011,2477,2477,2477,2477,2477,2477,1230,1230,0,1230,1230,1230,0,1230,1230,1230,1230,0,0,0,0,0,0,0,0,0,1230,0,0,1247,0,0,1247,0,1247,0,1247,1247,1247,1247,1230
30,2012,1189,1189,1189,1189,1189,1189,0,0,0,0,0,0,0,0,0,0,0,0,0,0,0,0,0,0,0,0,0,0,0,1189,0,0,0,1189,0,1189,1189,1189,1189,1189,0
30,2013,2613,2613,2613,2613,2613,2613,1329,1329,0,1329,0,1329,0,0,1329,1329,1329,0,0,0,0,0,1329,0,0,0,1329,0,0,1284,0,1284,1284,0,1284,0,1284,1284,1284,1284,1329
30,2015,5238,5238,5238,5238,5238,5238,2605,2605,0,2605,0,0,0,0,0,2605,0,2605,2605,2605,2605,2605,2605,2605,2605,2605,2605,0,0,2633,0,2633,2633,0,2633,0,0,0,2633,2633,2605
30,2017,4857,4857,4857,4857,4857,4857,2441,2441,0,2441,0,0,0,0,0,2441,0,2441,2441,2441,2441,2441,2441,2441,2441,2441,2441,0,0,2416,0,2416,2416,0,2416,0,0,0,2416,2416,2441
31,2009,4252,4252,4252,4252,4252,4252,2048,2048,2048,0,2048,2048,2048,2048,0,2048,0,0,0,0,0,0,0,0,0,0,2048,0,2204,0,2204,0,0,0,0,0,0,2204,0,2204,2048
31,2010,2078,2078,2078,2078,2078,2078,0,0,0,0,0,0,0,0,0,0,0,0,0,0,0,0,0,0,0,0,0,2078,2078,0,0,0,0,2078,0,2078,2078,2078,0,2078,0
31,2011,4316,4316,4316,4316,4316,4316,2173,2173,0,2173,2173,2173,0,2173,2173,2173,2173,0,0,0,0,0,0,0,0,0,2173,0,0,2143,0,0,2143,0,2143,0,2143,2143,2143,2143,2173
31,2012,1998,1998,1998,1998,1998,1998,0,0,0,0,0,0,0,0,0,0,0,0,0,0,0,0,0,0,0,0,0,0,0,1998,0,0,0,1998,0,1998,1998,1998,1998,1998,0
31,2013,3869,3869,3869,3869,3869,3869,1945,1945,0,1945,0,1945,0,0,1945,1945,1945,0,0,0,0,0,1945,0,0,0,1945,0,0,1924,0,1924,1924,0,1924,0,1924,1924,1924,1924,1945
31,2015,3265,3265,3265,3265,3265,3265,1631,1631,0,1631,0,0,0,0,0,1631,0,1631,1631,1631,1631,1631,1631,1631,1631,1631,1631,0,0,1634,0,1634,1634,0,1634,0,0,0,1634,1634,1631
31,2017,3188,3188,3188,3188,3188,3188,1590,1590,0,1590,0,0,0,0,0,1590,0,1590,1590,1590,1590,1590,1590,1590,1590,1590,1590,0,0,1598,0,1598,1598,0,1598,0,0,0,1598,1598,1590
32,2009,4111,4111,4111,4111,4111,4111,2009,2009,2009,0,2009,2009,2009,2009,0,2009,0,0,0,0,0,0,0,0,0,0,2009,0,2102,0,2102,0,0,0,0,0,0,2102,0,2102,2009
32,2010,2060,2060,2060,2060,2060,2060,0,0,0,0,0,0,0,0,0,0,0,0,0,0,0,0,0,0,0,0,0,2060,2060,0,0,0,0,2060,0,2060,2060,2060,0,2060,0
32,2011,3983,3983,3983,3983,3983,3983,2010,2010,0,2010,2010,2010,0,2010,2010,2010,2010,0,0,0,0,0,0,0,0,0,2010,0,0,1973,0,0,1973,0,1973,0,1973,1973,1973,1973,2010
32,2012,2012,2012,2012,2012,2012,2012,0,0,0,0,0,0,0,0,0,0,0,0,0,0,0,0,0,0,0,0,0,0,0,2012,0,0,0,2012,0,2012,2012,2012,2012,2012,0
32,2013,3828,3828,3828,3828,3828,3828,1960,1960,0,1960,0,1960,0,0,1960,1960,1960,0,0,0,0,0,1960,0,0,0,1960,0,0,1868,0,1868,1868,0,1868,0,1868,1868,1868,1868,1960
32,2015,3092,3092,3092,3092,3092,3092,1564,1564,0,1564,0,0,0,0,0,1564,0,1564,1564,1564,1564,1564,1564,1564,1564,1564,1564,0,0,1528,0,1528,1528,0,1528,0,0,0,1528,1528,1564
32,2017,3256,3256,3256,3256,3256,3256,1594,1594,0,1594,0,0,0,0,0,1594,0,1594,1594,1594,1594,1594,1594,1594,1594,1594,1594,0,0,1662,0,1662,1662,0,1662,0,0,0,1662,1662,1594
33,2009,5742,5742,5742,5742,5742,5742,2886,2886,2886,0,2886,2886,2886,2886,0,2886,0,0,0,0,0,0,0,0,0,0,2886,0,2856,0,2856,0,0,0,0,0,0,2856,0,2856,2886
33,2010,2706,2706,2706,2706,2706,2706,0,0,0,0,0,0,0,0,0,0,0,0,0,0,0,0,0,0,0,0,0,2706,2706,0,0,0,0,2706,0,2706,2706,2706,0,2706,0
33,2011,5688,5688,5688,5688,5688,5688,2814,2814,0,2814,2814,2814,0,2814,2814,2814,2814,0,0,0,0,0,0,0,0,0,2814,0,0,2874,0,0,2874,0,2874,0,2874,2874,2874,2874,2814
33,2012,2783,2783,2783,2783,2783,2783,0,0,0,0,0,0,0,0,0,0,0,0,0,0,0,0,0,0,0,0,0,0,0,2783,0,0,0,2783,0,2783,2783,2783,2783,2783,0
33,2013,5274,5274,5274,5274,5274,5274,2625,2625,0,2625,0,2625,0,0,2625,2625,2625,0,0,0,0,0,2625,0,0,0,2625,0,0,2649,0,2649,2649,0,2649,0,2649,2649,2649,2649,2625
33,2015,3431,3431,3431,3431,3431,3431,1740,1740,0,1740,0,0,0,0,0,1740,0,1740,1740,1740,1740,1740,1740,1740,1740,1740,1740,0,0,1691,0,1691,1691,0,1691,0,0,0,1691,1691,1740
33,2017,3361,3361,3361,3361,3361,3361,1614,1614,0,1614,0,0,0,0,0,1614,0,1614,1614,1614,1614,1614,1614,1614,1614,1614,1614,0,0,1747,0,1747,1747,0,1747,0,0,0,1747,1747,1614
34,2009,5806,5806,5806,5806,5806,5806,2972,2972,2972,0,2972,2972,2972,2972,0,2972,0,0,0,0,0,0,0,0,0,0,2972,0,2834,0,2834,0,0,0,0,0,0,2834,0,2834,2972
34,2010,2932,2932,2932,2932,2932,2932,0,0,0,0,0,0,0,0,0,0,0,0,0,0,0,0,0,0,0,0,0,2932,2932,0,0,0,0,2932,0,2932,2932,2932,0,2932,0
34,2011,5395,5395,5395,5395,5395,5395,2691,2691,0,2691,2691,2691,0,2691,2691,2691,2691,0,0,0,0,0,0,0,0,0,2691,0,0,2704,0,0,2704,0,2704,0,2704,2704,2704,2704,2691
34,2012,2721,2721,2721,2721,2721,2721,0,0,0,0,0,0,0,0,0,0,0,0,0,0,0,0,0,0,0,0,0,0,0,2721,0,0,0,2721,0,2721,2721,2721,2721,2721,0
34,2013,5163,5163,5163,5163,5163,5163,2620,2620,0,2620,0,2620,0,0,2620,2620,2620,0,0,0,0,0,2620,0,0,0,2620,0,0,2543,0,2543,2543,0,2543,0,2543,2543,2543,2543,2620
34,2015,5475,5475,5475,5475,5475,5475,2689,2689,0,2689,0,0,0,0,0,2689,0,2689,2689,2689,2689,2689,2689,2689,2689,2689,2689,0,0,2786,0,2786,2786,0,2786,0,0,0,2786,2786,2689
34,2017,4981,4981,4981,4981,4981,4981,2569,2569,0,2569,0,0,0,0,0,2569,0,2569,2569,2569,2569,2569,2569,2569,2569,2569,2569,0,0,2412,0,2412,2412,0,2412,0,0,0,2412,2412,2569
35,2009,2340,2340,2340,2340,2340,2340,1226,1226,1226,0,1226,1226,1226,1226,0,1226,0,0,0,0,0,0,0,0,0,0,1226,0,1114,0,1114,0,0,0,0,0,0,1114,0,1114,1226
35,2010,1113,1113,1113,1113,1113,1113,0,0,0,0,0,0,0,0,0,0,0,0,0,0,0,0,0,0,0,0,0,1113,1113,0,0,0,0,1113,0,1113,1113,1113,0,1113,0
35,2011,2264,2264,2264,2264,2264,2264,1110,1110,0,1110,1110,1110,0,1110,1110,1110,1110,0,0,0,0,0,0,0,0,0,1110,0,0,1154,0,0,1154,0,1154,0,1154,1154,1154,1154,1110
35,2012,1126,1126,1126,1126,1126,1126,0,0,0,0,0,0,0,0,0,0,0,0,0,0,0,0,0,0,0,0,0,0,0,1126,0,0,0,1126,0,1126,1126,1126,1126,1126,0
35,2013,2241,2241,2241,2241,2241,2241,1131,1131,0,1131,0,1131,0,0,1131,1131,1131,0,0,0,0,0,1131,0,0,0,1131,0,0,1110,0,1110,1110,0,1110,0,1110,1110,1110,1110,1131
35,2015,4693,4693,4693,4693,4693,4693,2340,2340,0,2340,0,0,0,0,0,2340,0,2340,2340,2340,2340,2340,2340,2340,2340,2340,2340,0,0,2353,0,2353,2353,0,2353,0,0,0,2353,2353,2340
35,2017,4595,4595,4595,4595,4595,4595,2268,2268,0,2268,0,0,0,0,0,2268,0,2268,2268,2268,2268,2268,2268,2268,2268,2268,2268,0,0,2327,0,2327,2327,0,2327,0,0,0,2327,2327,2268
36,2009,11491,11491,11491,11491,11491,11491,5643,5643,5643,0,5643,5643,5643,5643,0,5643,0,0,0,0,0,0,0,0,0,0,5643,0,5848,0,5848,0,0,0,0,0,0,5848,0,5848,5643
36,2010,5773,5773,5773,5773,5773,5773,0,0,0,0,0,0,0,0,0,0,0,0,0,0,0,0,0,0,0,0,0,5773,5773,0,0,0,0,5773,0,5773,5773,5773,0,5773,0
36,2011,11470,11470,11470,11470,11470,11470,5702,5702,0,5702,5702,5702,0,5702,5702,5702,5702,0,0,0,0,0,0,0,0,0,5702,0,0,5768,0,0,5768,0,5768,0,5768,5768,5768,5768,5702
36,2012,5778,5778,5778,5778,5778,5778,0,0,0,0,0,0,0,0,0,0,0,0,0,0,0,0,0,0,0,0,0,0,0,5778,0,0,0,5778,0,5778,5778,5778,5778,5778,0
36,2013,10962,10962,10962,10962,10962,10962,5523,5523,0,5523,0,5523,0,0,5523,5523,5523,0,0,0,0,0,5523,0,0,0,5523,0,0,5439,0,5439,5439,0,5439,0,5439,5439,5439,5439,5523
36,2015,10432,10432,10432,10432,10432,10432,5157,5157,0,5157,0,0,0,0,0,5157,0,5157,5157,5157,5157,5157,5157,5157,5157,5157,5157,0,0,5275,0,5275,5275,0,5275,0,0,0,5275,5275,5157
36,2017,10280,10280,10280,10280,10280,10280,5188,5188,0,5188,0,0,0,0,0,5188,0,5188,5188,5188,5188,5188,5188,5188,5188,5188,5188,0,0,5092,0,5092,5092,0,5092,0,0,0,5092,5092,5188
37,2009,5228,5228,5228,5228,5228,5228,2561,2561,2561,0,2561,2561,2561,2561,0,2561,0,0,0,0,0,0,0,0,0,0,2561,0,2667,0,2667,0,0,0,0,0,0,2667,0,2667,2561
37,2010,2666,2666,2666,2666,2666,2666,0,0,0,0,0,0,0,0,0,0,0,0,0,0,0,0,0,0,0,0,0,2666,2666,0,0,0,0,2666,0,2666,2666,2666,0,2666,0
37,2011,5426,5426,5426,5426,5426,5426,2703,2703,0,2703,2703,2703,0,2703,2703,2703,2703,0,0,0,0,0,0,0,0,0,2703,0,0,2723,0,0,2723,0,2723,0,2723,2723,2723,2723,2703
37,2012,2560,2560,2560,2560,2560,2560,0,0,0,0,0,0,0,0,0,0,0,0,0,0,0,0,0,0,0,0,0,0,0,2560,0,0,0,2560,0,2560,2560,2560,2560,2560,0
37,2013,5405,5405,5405,5405,5405,5405,2703,2703,0,2703,0,2703,0,0,2703,2703,2703,0,0,0,0,0,2703,0,0,0,2703,0,0,2702,0,2702,2702,0,2702,0,2702,2702,2702,2702,2703
37,2015,5817,5817,5817,5817,5817,5817,2940,2940,0,2940,0,0,0,0,0,2940,0,2940,2940,2940,2940,2940,2940,2940,2940,2940,2940,0,0,2877,0,2877,2877,0,2877,0,0,0,2877,2877,2940
37,2017,5755,5755,5755,5755,5755,5755,2850,2850,0,2850,0,0,0,0,0,2850,0,2850,2850,2850,2850,2850,2850,2850,2850,2850,2850,0,0,2905,0,2905,2905,0,2905,0,0,0,2905,2905,2850
38,2009,3231,3231,3231,3231,3231,3231,1631,1631,1631,0,1631,1631,1631,1631,0,1631,0,0,0,0,0,0,0,0,0,0,1631,0,1600,0,1600,0,0,0,0,0,0,1600,0,1600,1631
38,2010,1715,1715,1715,1715,1715,1715,0,0,0,0,0,0,0,0,0,0,0,0,0,0,0,0,0,0,0,0,0,1715,1715,0,0,0,0,1715,0,1715,1715,1715,0,1715,0
38,2011,3163,3163,3163,3163,3163,3163,1523,1523,0,1523,1523,1523,0,1523,1523,1523,1523,0,0,0,0,0,0,0,0,0,1523,0,0,1640,0,0,1640,0,1640,0,1640,1640,1640,1640,1523
38,2012,1666,1666,1666,1666,1666,1666,0,0,0,0,0,0,0,0,0,0,0,0,0,0,0,0,0,0,0,0,0,0,0,1666,0,0,0,1666,0,1666,1666,1666,1666,1666,0
38,2013,3563,3563,3563,3563,3563,3563,1756,1756,0,1756,0,1756,0,0,1756,1756,1756,0,0,0,0,0,1756,0,0,0,1756,0,0,1807,0,1807,1807,0,1807,0,1807,1807,1807,1807,1756
38,2015,3827,3827,3827,3827,3827,3827,1918,1918,0,1918,0,0,0,0,0,1918,0,1918,1918,1918,1918,1918,1918,1918,1918,1918,1918,0,0,1909,0,1909,1909,0,1909,0,0,0,1909,1909,1918
38,2017,3777,3777,3777,3777,3777,3777,1904,1904,0,1904,0,0,0,0,0,1904,0,1904,1904,1904,1904,1904,1904,1904,1904,1904,1904,0,0,1873,0,1873,1873,0,1873,0,0,0,1873,1873,1904
39,2009,7631,7631,7631,7631,7631,7631,3709,3709,3709,0,3709,3709,3709,3709,0,3709,0,0,0,0,0,0,0,0,0,0,3709,0,3922,0,3922,0,0,0,0,0,0,3922,0,3922,3709
39,2010,3853,3853,3853,3853,3853,3853,0,0,0,0,0,0,0,0,0,0,0,0,0,0,0,0,0,0,0,0,0,3853,3853,0,0,0,0,3853,0,3853,3853,3853,0,3853,0
39,2011,7115,7115,7115,7115,7115,7115,3560,3560,0,3560,3560,3560,0,3560,3560,3560,3560,0,0,0,0,0,0,0,0,0,3560,0,0,3555,0,0,3555,0,3555,0,3555,3555,3555,3555,3560
39,2012,3598,3598,3598,3598,3598,3598,0,0,0,0,0,0,0,0,0,0,0,0,0,0,0,0,0,0,0,0,0,0,0,3598,0,0,0,3598,0,3598,3598,3598,3598,3598,0
39,2013,7317,7317,7317,7317,7317,7317,3646,3646,0,3646,0,3646,0,0,3646,3646,3646,0,0,0,0,0,3646,0,0,0,3646,0,0,3671,0,3671,3671,0,3671,0,3671,3671,3671,3671,3646
39,2015,6912,6912,6912,6912,6912,6912,3533,3533,0,3533,0,0,0,0,0,3533,0,3533,3533,3533,3533,3533,3533,3533,3533,3533,3533,0,0,3379,0,3379,3379,0,3379,0,0,0,3379,3379,3533
39,2017,6521,6521,6521,6521,6521,6521,3219,3219,0,3219,0,0,0,0,0,3219,0,3219,3219,3219,3219,3219,3219,3219,3219,3219,3219,0,0,3302,0,3302,3302,0,3302,0,0,0,3302,3302,3219
40,2009,3342,3342,3342,3342,3342,3342,1613,1613,1613,0,1613,1613,1613,1613,0,1613,0,0,0,0,0,0,0,0,0,0,1613,0,1729,0,1729,0,0,0,0,0,0,1729,0,1729,1613
40,2010,1685,1685,1685,1685,1685,1685,0,0,0,0,0,0,0,0,0,0,0,0,0,0,0,0,0,0,0,0,0,1685,1685,0,0,0,0,1685,0,1685,1685,1685,0,1685,0
40,2011,3300,3300,3300,3300,3300,3300,1642,1642,0,1642,1642,1642,0,1642,1642,1642,1642,0,0,0,0,0,0,0,0,0,1642,0,0,1658,0,0,1658,0,1658,0,1658,1658,1658,1658,1642
40,2012,1478,1478,1478,1478,1478,1478,0,0,0,0,0,0,0,0,0,0,0,0,0,0,0,0,0,0,0,0,0,0,0,1478,0,0,0,1478,0,1478,1478,1478,1478,1478,0
40,2013,3059,3059,3059,3059,3059,3059,1542,1542,0,1542,0,1542,0,0,1542,1542,1542,0,0,0,0,0,1542,0,0,0,1542,0,0,1517,0,1517,1517,0,1517,0,1517,1517,1517,1517,1542
40,2015,3903,3903,3903,3903,3903,3903,2034,2034,0,2034,0,0,0,0,0,2034,0,2034,2034,2034,2034,2034,2034,2034,2034,2034,2034,0,0,1869,0,1869,1869,0,1869,0,0,0,1869,1869,2034
40,2017,3881,3881,3881,3881,3881,3881,1915,1915,0,1915,0,0,0,0,0,1915,0,1915,1915,1915,1915,1915,1915,1915,1915,1915,1915,0,0,1966,0,1966,1966,0,1966,0,0,0,1966,1966,1915
41,2009,3974,3974,3974,3974,3974,3974,1964,1964,1964,0,1964,1964,1964,1964,0,1964,0,0,0,0,0,0,0,0,0,0,1964,0,2010,0,2010,0,0,0,0,0,0,2010,0,2010,1964
41,2010,1918,1918,1918,1918,1918,1918,0,0,0,0,0,0,0,0,0,0,0,0,0,0,0,0,0,0,0,0,0,1918,1918,0,0,0,0,1918,0,1918,1918,1918,0,1918,0
41,2011,3811,3811,3811,3811,3811,3811,1876,1876,0,1876,1876,1876,0,1876,1876,1876,1876,0,0,0,0,0,0,0,0,0,1876,0,0,1935,0,0,1935,0,1935,0,1935,1935,1935,1935,1876
41,2012,2014,2014,2014,2014,2014,2014,0,0,0,0,0,0,0,0,0,0,0,0,0,0,0,0,0,0,0,0,0,0,0,2014,0,0,0,2014,0,2014,2014,2014,2014,2014,0
41,2013,3818,3818,3818,3818,3818,3818,1898,1898,0,1898,0,1898,0,0,1898,1898,1898,0,0,0,0,0,1898,0,0,0,1898,0,0,1920,0,1920,1920,0,1920,0,1920,1920,1920,1920,1898
41,2015,4010,4010,4010,4010,4010,4010,2004,2004,0,2004,0,0,0,0,0,2004,0,2004,2004,2004,2004,2004,2004,2004,2004,2004,2004,0,0,2006,0,2006,2006,0,2006,0,0,0,2006,2006,2004
41,2017,3880,3880,3880,3880,3880,3880,1999,1999,0,1999,0,0,0,0,0,1999,0,1999,1999,1999,1999,1999,1999,1999,1999,1999,1999,0,0,1881,0,1881,1881,0,1881,0,0,0,1881,1881,1999
42,2009,8102,8102,8102,8102,8102,8102,4098,4098,4098,0,4098,4098,4098,4098,0,4098,0,0,0,0,0,0,0,0,0,0,4098,0,4004,0,4004,0,0,0,0,0,0,4004,0,4004,4098
42,2010,3970,3970,3970,3970,3970,3970,0,0,0,0,0,0,0,0,0,0,0,0,0,0,0,0,0,0,0,0,0,3970,3970,0,0,0,0,3970,0,3970,3970,3970,0,3970,0
42,2011,7977,7977,7977,7977,7977,7977,3972,3972,0,3972,3972,3972,0,3972,3972,3972,3972,0,0,0,0,0,0,0,0,0,3972,0,0,4005,0,0,4005,0,4005,0,4005,4005,4005,4005,3972
42,2012,3981,3981,3981,3981,3981,3981,0,0,0,0,0,0,0,0,0,0,0,0,0,0,0,0,0,0,0,0,0,0,0,3981,0,0,0,3981,0,3981,3981,3981,3981,3981,0
42,2013,7801,7801,7801,7801,7801,7801,3931,3931,0,3931,0,3931,0,0,3931,3931,3931,0,0,0,0,0,3931,0,0,0,3931,0,0,3870,0,3870,3870,0,3870,0,3870,3870,3870,3870,3931
42,2015,7418,7418,7418,7418,7418,7418,3712,3712,0,3712,0,0,0,0,0,3712,0,3712,3712,3712,3712,3712,3712,3712,3712,3712,3712,0,0,3706,0,3706,3706,0,3706,0,0,0,3706,3706,3712
42,2017,7069,7069,7069,7069,7069,7069,3605,3605,0,3605,0,0,0,0,0,3605,0,3605,3605,3605,3605,3605,3605,3605,3605,3605,3605,0,0,3464,0,3464,3464,0,3464,0,0,0,3464,3464,3605
44,2009,4582,4582,4582,4582,4582,4582,2212,2212,2212,0,2212,2212,2212,2212,0,2212,0,0,0,0,0,0,0,0,0,0,2212,0,2370,0,2370,0,0,0,0,0,0,2370,0,2370,2212
44,2010,2309,2309,2309,2309,2309,2309,0,0,0,0,0,0,0,0,0,0,0,0,0,0,0,0,0,0,0,0,0,2309,2309,0,0,0,0,2309,0,2309,2309,2309,0,2309,0
44,2011,4395,4395,4395,4395,4395,4395,2167,2167,0,2167,2167,2167,0,2167,2167,2167,2167,0,0,0,0,0,0,0,0,0,2167,0,0,2228,0,0,2228,0,2228,0,2228,2228,2228,2228,2167
44,2012,2194,2194,2194,2194,2194,2194,0,0,0,0,0,0,0,0,0,0,0,0,0,0,0,0,0,0,0,0,0,0,0,2194,0,0,0,2194,0,2194,2194,2194,2194,2194,0
44,2013,4202,4202,4202,4202,4202,4202,2105,2105,0,2105,0,2105,0,0,2105,2105,2105,0,0,0,0,0,2105,0,0,0,2105,0,0,2097,0,2097,2097,0,2097,0,2097,2097,2097,2097,2105
44,2015,2589,2589,2589,2589,2589,2589,1346,1346,0,1346,0,0,0,0,0,1346,0,1346,1346,1346,1346,1346,1346,1346,1346,1346,1346,0,0,1243,0,1243,1243,0,1243,0,0,0,1243,1243,1346
44,2017,2266,2266,2266,2266,2266,2266,1077,1077,0,1077,0,0,0,0,0,1077,0,1077,1077,1077,1077,1077,1077,1077,1077,1077,1077,0,0,1189,0,1189,1189,0,1189,0,0,0,1189,1189,1077
45,2009,3481,3481,3481,3481,3481,3481,1820,1820,1820,0,1820,1820,1820,1820,0,1820,0,0,0,0,0,0,0,0,0,0,1820,0,1661,0,1661,0,0,0,0,0,0,1661,0,1661,1820
45,2010,1767,1767,1767,1767,1767,1767,0,0,0,0,0,0,0,0,0,0,0,0,0,0,0,0,0,0,0,0,0,1767,1767,0,0,0,0,1767,0,1767,1767,1767,0,1767,0
45,2011,3515,3515,3515,3515,3515,3515,1749,1749,0,1749,1749,1749,0,1749,1749,1749,1749,0,0,0,0,0,0,0,0,0,1749,0,0,1766,0,0,1766,0,1766,0,1766,1766,1766,1766,1749
45,2012,1707,1707,1707,1707,1707,1707,0,0,0,0,0,0,0,0,0,0,0,0,0,0,0,0,0,0,0,0,0,0,0,1707,0,0,0,1707,0,1707,1707,1707,1707,1707,0
45,2013,3246,3246,3246,3246,3246,3246,1609,1609,0,1609,0,1609,0,0,1609,1609,1609,0,0,0,0,0,1609,0,0,0,1609,0,0,1637,0,1637,1637,0,1637,0,1637,1637,1637,1637,1609
45,2015,3798,3798,3798,3798,3798,3798,1883,1883,0,1883,0,0,0,0,0,1883,0,1883,1883,1883,1883,1883,1883,1883,1883,1883,1883,0,0,1915,0,1915,1915,0,1915,0,0,0,1915,1915,1883
45,2017,3960,3960,3960,3960,3960,3960,1942,1942,0,1942,0,0,0,0,0,1942,0,1942,1942,1942,1942,1942,1942,1942,1942,1942,1942,0,0,2018,0,2018,2018,0,2018,0,0,0,2018,2018,1942
46,2009,4093,4093,4093,4093,4093,4093,2006,2006,2006,0,2006,2006,2006,2006,0,2006,0,0,0,0,0,0,0,0,0,0,2006,0,2087,0,2087,0,0,0,0,0,0,2087,0,2087,2006
46,2010,2073,2073,2073,2073,2073,2073,0,0,0,0,0,0,0,0,0,0,0,0,0,0,0,0,0,0,0,0,0,2073,2073,0,0,0,0,2073,0,2073,2073,2073,0,2073,0
46,2011,4361,4361,4361,4361,4361,4361,2211,2211,0,2211,2211,2211,0,2211,2211,2211,2211,0,0,0,0,0,0,0,0,0,2211,0,0,2150,0,0,2150,0,2150,0,2150,2150,2150,2150,2211
46,2012,2086,2086,2086,2086,2086,2086,0,0,0,0,0,0,0,0,0,0,0,0,0,0,0,0,0,0,0,0,0,0,0,2086,0,0,0,2086,0,2086,2086,2086,2086,2086,0
46,2013,3933,3933,3933,3933,3933,3933,1969,1969,0,1969,0,1969,0,0,1969,1969,1969,0,0,0,0,0,1969,0,0,0,1969,0,0,1964,0,1964,1964,0,1964,0,1964,1964,1964,1964,1969
46,2015,3047,3047,3047,3047,3047,3047,1508,1508,0,1508,0,0,0,0,0,1508,0,1508,1508,1508,1508,1508,1508,1508,1508,1508,1508,0,0,1539,0,1539,1539,0,1539,0,0,0,1539,1539,1508
46,2017,2880,2880,2880,2880,2880,2880,1425,1425,0,1425,0,0,0,0,0,1425,0,1425,1425,1425,1425,1425,1425,1425,1425,1425,1425,0,0,1455,0,1455,1455,0,1455,0,0,0,1455,1455,1425
47,2009,3602,3602,3602,3602,3602,3602,1788,1788,1788,0,1788,1788,1788,1788,0,1788,0,0,0,0,0,0,0,0,0,0,1788,0,1814,0,1814,0,0,0,0,0,0,1814,0,1814,1788
47,2010,1875,1875,1875,1875,1875,1875,0,0,0,0,0,0,0,0,0,0,0,0,0,0,0,0,0,0,0,0,0,1875,1875,0,0,0,0,1875,0,1875,1875,1875,0,1875,0
47,2011,3535,3535,3535,3535,3535,3535,1780,1780,0,1780,1780,1780,0,1780,1780,1780,1780,0,0,0,0,0,0,0,0,0,1780,0,0,1755,0,0,1755,0,1755,0,1755,1755,1755,1755,1780
47,2012,1709,1709,1709,1709,1709,1709,0,0,0,0,0,0,0,0,0,0,0,0,0,0,0,0,0,0,0,0,0,0,0,1709,0,0,0,1709,0,1709,1709,1709,1709,1709,0
47,2013,3671,3671,3671,3671,3671,3671,1861,1861,0,1861,0,1861,0,0,1861,1861,1861,0,0,0,0,0,1861,0,0,0,1861,0,0,1810,0,1810,1810,0,1810,0,1810,1810,1810,1810,1861
47,2015,4605,4605,4605,4605,4605,4605,2253,2253,0,2253,0,0,0,0,0,2253,0,2253,2253,2253,2253,2253,2253,2253,2253,2253,2253,0,0,2352,0,2352,2352,0,2352,0,0,0,2352,2352,2253
47,2017,4939,4939,4939,4939,4939,4939,2516,2516,0,2516,0,0,0,0,0,2516,0,2516,2516,2516,2516,2516,2516,2516,2516,2516,2516,0,0,2423,0,2423,2423,0,2423,0,0,0,2423,2423,2516
48,2009,14239,14239,14239,14239,14239,14239,7124,7124,7124,0,7124,7124,7124,7124,0,7124,0,0,0,0,0,0,0,0,0,0,7124,0,7115,0,7115,0,0,0,0,0,0,7115,0,7115,7124
48,2010,7307,7307,7307,7307,7307,7307,0,0,0,0,0,0,0,0,0,0,0,0,0,0,0,0,0,0,0,0,0,7307,7307,0,0,0,0,7307,0,7307,7307,7307,0,7307,0
48,2011,14679,14679,14679,14679,14679,14679,7341,7341,0,7341,7341,7341,0,7341,7341,7341,7341,0,0,0,0,0,0,0,0,0,7341,0,0,7338,0,0,7338,0,7338,0,7338,7338,7338,7338,7341
48,2012,7266,7266,7266,7266,7266,7266,0,0,0,0,0,0,0,0,0,0,0,0,0,0,0,0,0,0,0,0,0,0,0,7266,0,0,0,7266,0,7266,7266,7266,7266,7266,0
48,2013,14638,14638,14638,14638,14638,14638,7323,7323,0,7323,0,7323,0,0,7323,7323,7323,0,0,0,0,0,7323,0,0,0,7323,0,0,7315,0,7315,7315,0,7315,0,7315,7315,7315,7315,7323
48,2015,14452,14452,14452,14452,14452,14452,7348,7348,0,7348,0,0,0,0,0,7348,0,7348,7348,7348,7348,7348,7348,7348,7348,7348,7348,0,0,7104,0,7104,7104,0,7104,0,0,0,7104,7104,7348
48,2017,14750,14750,14750,14750,14750,14750,7382,7382,0,7382,0,0,0,0,0,7382,0,7382,7382,7382,7382,7382,7382,7382,7382,7382,7382,0,0,7368,0,7368,7368,0,7368,0,0,0,7368,7368,7382
49,2009,3439,3439,3439,3439,3439,3439,1740,1740,1740,0,1740,1740,1740,1740,0,1740,0,0,0,0,0,0,0,0,0,0,1740,0,1699,0,1699,0,0,0,0,0,0,1699,0,1699,1740
49,2010,1663,1663,1663,1663,1663,1663,0,0,0,0,0,0,0,0,0,0,0,0,0,0,0,0,0,0,0,0,0,1663,1663,0,0,0,0,1663,0,1663,1663,1663,0,1663,0
49,2011,3502,3502,3502,3502,3502,3502,1781,1781,0,1781,1781,1781,0,1781,1781,1781,1781,0,0,0,0,0,0,0,0,0,1781,0,0,1721,0,0,1721,0,1721,0,1721,1721,1721,1721,1781
49,2012,1759,1759,1759,1759,1759,1759,0,0,0,0,0,0,0,0,0,0,0,0,0,0,0,0,0,0,0,0,0,0,0,1759,0,0,0,1759,0,1759,1759,1759,1759,1759,0
49,2013,3511,3511,3511,3511,3511,3511,1766,1766,0,1766,0,1766,0,0,1766,1766,1766,0,0,0,0,0,1766,0,0,0,1766,0,0,1745,0,1745,1745,0,1745,0,1745,1745,1745,1745,1766
49,2015,4095,4095,4095,4095,4095,4095,2113,2113,0,2113,0,0,0,0,0,2113,0,2113,2113,2113,2113,2113,2113,2113,2113,2113,2113,0,0,1982,0,1982,1982,0,1982,0,0,0,1982,1982,2113
49,2017,4048,4048,4048,4048,4048,4048,1926,1926,0,1926,0,0,0,0,0,1926,0,1926,1926,1926,1926,1926,1926,1926,1926,1926,1926,0,0,2122,0,2122,2122,0,2122,0,0,0,2122,2122,1926
50,2009,4022,4022,4022,4022,4022,4022,1933,1933,1933,0,1933,1933,1933,1933,0,1933,0,0,0,0,0,0,0,0,0,0,1933,0,2089,0,2089,0,0,0,0,0,0,2089,0,2089,1933
50,2010,1934,1934,1934,1934,1934,1934,0,0,0,0,0,0,0,0,0,0,0,0,0,0,0,0,0,0,0,0,0,1934,1934,0,0,0,0,1934,0,1934,1934,1934,0,1934,0
50,2011,3929,3929,3929,3929,3929,3929,1951,1951,0,1951,1951,1951,0,1951,1951,1951,1951,0,0,0,0,0,0,0,0,0,1951,0,0,1978,0,0,1978,0,1978,0,1978,1978,1978,1978,1951
50,2012,1876,1876,1876,1876,1876,1876,0,0,0,0,0,0,0,0,0,0,0,0,0,0,0,0,0,0,0,0,0,0,0,1876,0,0,0,1876,0,1876,1876,1876,1876,1876,0
50,2013,3731,3731,3731,3731,3731,3731,1908,1908,0,1908,0,1908,0,0,1908,1908,1908,0,0,0,0,0,1908,0,0,0,1908,0,0,1823,0,1823,1823,0,1823,0,1823,1823,1823,1823,1908
50,2015,3476,3476,3476,3476,3476,3476,1760,1760,0,1760,0,0,0,0,0,1760,0,1760,1760,1760,1760,1760,1760,1760,1760,1760,1760,0,0,1716,0,1716,1716,0,1716,0,0,0,1716,1716,1760
50,2017,3218,3218,3218,3218,3218,3218,1557,1557,0,1557,0,0,0,0,0,1557,0,1557,1557,1557,1557,1557,1557,1557,1557,1557,1557,0,0,1661,0,1661,1661,0,1661,0,0,0,1661,1661,1557
51,2009,5530,5530,5530,5530,5530,5530,2734,2734,2734,0,2734,2734,2734,2734,0,2734,0,0,0,0,0,0,0,0,0,0,2734,0,2796,0,2796,0,0,0,0,0,0,2796,0,2796,2734
51,2010,2878,2878,2878,2878,2878,2878,0,0,0,0,0,0,0,0,0,0,0,0,0,0,0,0,0,0,0,0,0,2878,2878,0,0,0,0,2878,0,2878,2878,2878,0,2878,0
51,2011,5715,5715,5715,5715,5715,5715,2890,2890,0,2890,2890,2890,0,2890,2890,2890,2890,0,0,0,0,0,0,0,0,0,2890,0,0,2825,0,0,2825,0,2825,0,2825,2825,2825,2825,2890
51,2012,2824,2824,2824,2824,2824,2824,0,0,0,0,0,0,0,0,0,0,0,0,0,0,0,0,0,0,0,0,0,0,0,2824,0,0,0,2824,0,2824,2824,2824,2824,2824,0
51,2013,5760,5760,5760,5760,5760,5760,2902,2902,0,2902,0,2902,0,0,2902,2902,2902,0,0,0,0,0,2902,0,0,0,2902,0,0,2858,0,2858,2858,0,2858,0,2858,2858,2858,2858,2902
51,2015,4870,4870,4870,4870,4870,4870,2489,2489,0,2489,0,0,0,0,0,2489,0,2489,2489,2489,2489,2489,2489,2489,2489,2489,2489,0,0,2381,0,2381,2381,0,2381,0,0,0,2381,2381,2489
51,2017,4688,4688,4688,4688,4688,4688,2255,2255,0,2255,0,0,0,0,0,2255,0,2255,2255,2255,2255,2255,2255,2255,2255,2255,2255,0,0,2433,0,2433,2433,0,2433,0,0,0,2433,2433,2255
53,2009,4594,4594,4594,4594,4594,4594,2231,2231,2231,0,2231,2231,2231,2231,0,2231,0,0,0,0,0,0,0,0,0,0,2231,0,2363,0,2363,0,0,0,0,0,0,2363,0,2363,2231
53,2010,2380,2380,2380,2380,2380,2380,0,0,0,0,0,0,0,0,0,0,0,0,0,0,0,0,0,0,0,0,0,2380,2380,0,0,0,0,2380,0,2380,2380,2380,0,2380,0
53,2011,4692,4692,4692,4692,4692,4692,2377,2377,0,2377,2377,2377,0,2377,2377,2377,2377,0,0,0,0,0,0,0,0,0,2377,0,0,2315,0,0,2315,0,2315,0,2315,2315,2315,2315,2377
53,2012,2324,2324,2324,2324,2324,2324,0,0,0,0,0,0,0,0,0,0,0,0,0,0,0,0,0,0,0,0,0,0,0,2324,0,0,0,2324,0,2324,2324,2324,2324,2324,0
53,2013,4752,4752,4752,4752,4752,4752,2410,2410,0,2410,0,2410,0,0,2410,2410,2410,0,0,0,0,0,2410,0,0,0,2410,0,0,2342,0,2342,2342,0,2342,0,2342,2342,2342,2342,2410
53,2015,4759,4759,4759,4759,4759,4759,2334,2334,0,2334,0,0,0,0,0,2334,0,2334,2334,2334,2334,2334,2334,2334,2334,2334,2334,0,0,2425,0,2425,2425,0,2425,0,0,0,2425,2425,2334
53,2017,4615,4615,4615,4615,4615,4615,2311,2311,0,2311,0,0,0,0,0,2311,0,2311,2311,2311,2311,2311,2311,2311,2311,2311,2311,0,0,2304,0,2304,2304,0,2304,0,0,0,2304,2304,2311
54,2009,3065,3065,3065,3065,3065,3065,1563,1563,1563,0,1563,1563,1563,1563,0,1563,0,0,0,0,0,0,0,0,0,0,1563,0,1502,0,1502,0,0,0,0,0,0,1502,0,1502,1563
54,2010,1493,1493,1493,1493,1493,1493,0,0,0,0,0,0,0,0,0,0,0,0,0,0,0,0,0,0,0,0,0,1493,1493,0,0,0,0,1493,0,1493,1493,1493,0,1493,0
54,2011,2957,2957,2957,2957,2957,2957,1534,1534,0,1534,1534,1534,0,1534,1534,1534,1534,0,0,0,0,0,0,0,0,0,1534,0,0,1423,0,0,1423,0,1423,0,1423,1423,1423,1423,1534
54,2012,1449,1449,1449,1449,1449,1449,0,0,0,0,0,0,0,0,0,0,0,0,0,0,0,0,0,0,0,0,0,0,0,1449,0,0,0,1449,0,1449,1449,1449,1449,1449,0
54,2013,2793,2793,2793,2793,2793,2793,1428,1428,0,1428,0,1428,0,0,1428,1428,1428,0,0,0,0,0,1428,0,0,0,1428,0,0,1365,0,1365,1365,0,1365,0,1365,1365,1365,1365,1428
54,2015,5948,5948,5948,5948,5948,5948,2912,2912,0,2912,0,0,0,0,0,2912,0,2912,2912,2912,2912,2912,2912,2912,2912,2912,2912,0,0,3036,0,3036,3036,0,3036,0,0,0,3036,3036,2912
54,2017,5426,5426,5426,5426,5426,5426,2692,2692,0,2692,0,0,0,0,0,2692,0,2692,2692,2692,2692,2692,2692,2692,2692,2692,2692,0,0,2734,0,2734,2734,0,2734,0,0,0,2734,2734,2692
55,2009,5135,5135,5135,5135,5135,5135,2578,2578,2578,0,2578,2578,2578,2578,0,2578,0,0,0,0,0,0,0,0,0,0,2578,0,2557,0,2557,0,0,0,0,0,0,2557,0,2557,2578
55,2010,2605,2605,2605,2605,2605,2605,0,0,0,0,0,0,0,0,0,0,0,0,0,0,0,0,0,0,0,0,0,2605,2605,0,0,0,0,2605,0,2605,2605,2605,0,2605,0
55,2011,5379,5379,5379,5379,5379,5379,2690,2690,0,2690,2690,2690,0,2690,2690,2690,2690,0,0,0,0,0,0,0,0,0,2690,0,0,2689,0,0,2689,0,2689,0,2689,2689,2689,2689,2690
55,2012,2580,2580,2580,2580,2580,2580,0,0,0,0,0,0,0,0,0,0,0,0,0,0,0,0,0,0,0,0,0,0,0,2580,0,0,0,2580,0,2580,2580,2580,2580,2580,0
55,2013,5156,5156,5156,5156,5156,5156,2583,2583,0,2583,0,2583,0,0,2583,2583,2583,0,0,0,0,0,2583,0,0,0,2583,0,0,2573,0,2573,2573,0,2573,0,2573,2573,2573,2573,2583
55,2015,3743,3743,3743,3743,3743,3743,1957,1957,0,1957,0,0,0,0,0,1957,0,1957,1957,1957,1957,1957,1957,1957,1957,1957,1957,0,0,1786,0,1786,1786,0,1786,0,0,0,1786,1786,1957
55,2017,3648,3648,3648,3648,3648,3648,1865,1865,0,1865,0,0,0,0,0,1865,0,1865,1865,1865,1865,1865,1865,1865,1865,1865,1865,0,0,1783,0,1783,1783,0,1783,0,0,0,1783,1783,1865
56,2009,3587,3587,3587,3587,3587,3587,1758,1758,1758,0,1758,1758,1758,1758,0,1758,0,0,0,0,0,0,0,0,0,0,1758,0,1829,0,1829,0,0,0,0,0,0,1829,0,1829,1758
56,2010,1861,1861,1861,1861,1861,1861,0,0,0,0,0,0,0,0,0,0,0,0,0,0,0,0,0,0,0,0,0,1861,1861,0,0,0,0,1861,0,1861,1861,1861,0,1861,0
56,2011,3468,3468,3468,3468,3468,3468,1710,1710,0,1710,1710,1710,0,1710,1710,1710,1710,0,0,0,0,0,0,0,0,0,1710,0,0,1758,0,0,1758,0,1758,0,1758,1758,1758,1758,1710
56,2012,1677,1677,1677,1677,1677,1677,0,0,0,0,0,0,0,0,0,0,0,0,0,0,0,0,0,0,0,0,0,0,0,1677,0,0,0,1677,0,1677,1677,1677,1677,1677,0
56,2013,3304,3304,3304,3304,3304,3304,1674,1674,0,1674,0,1674,0,0,1674,1674,1674,0,0,0,0,0,1674,0,0,0,1674,0,0,1630,0,1630,1630,0,1630,0,1630,1630,1630,1630,1674
56,2015,3721,3721,3721,3721,3721,3721,1849,1849,0,1849,0,0,0,0,0,1849,0,1849,1849,1849,1849,1849,1849,1849,1849,1849,1849,0,0,1872,0,1872,1872,0,1872,0,0,0,1872,1872,1849
56,2017,3759,3759,3759,3759,3759,3759,1845,1845,0,1845,0,0,0,0,0,1845,0,1845,1845,1845,1845,1845,1845,1845,1845,1845,1845,0,0,1914,0,1914,1914,0,1914,0,0,0,1914,1914,1845
