YEAR,REGION,STATE,CIHISPEED,CIHISPEED_COUNTS
2013,11,Connecticut,0.0,6900
2013,11,Connecticut,11.0,18423
2013,11,Connecticut,12.0,1197
2013,11,Connecticut,13.0,5596
2013,11,Connecticut,14.0,573
2013,11,Connecticut,15.0,1747
2013,11,Connecticut,16.0,157
2013,11,Connecticut,17.0,359
2013,11,Connecticut,20.0,1430
2013,11,Maine,0.0,3159
2013,11,Maine,11.0,4515
2013,11,Maine,12.0,143
2013,11,Maine,13.0,3059
2013,11,Maine,14.0,125
2013,11,Maine,15.0,470
2013,11,Maine,16.0,73
2013,11,Maine,17.0,46
2013,11,Maine,20.0,1392
2013,11,Massachusetts,0.0,13298
2013,11,Massachusetts,11.0,32222
2013,11,Massachusetts,12.0,8041
2013,11,Massachusetts,13.0,6815
2013,11,Massachusetts,14.0,1687
2013,11,Massachusetts,15.0,2282
2013,11,Massachusetts,16.0,364
2013,11,Massachusetts,17.0,600
2013,11,Massachusetts,20.0,3416
2013,11,New Hampshire,0.0,2399
2013,11,New Hampshire,11.0,6859
2013,11,New Hampshire,12.0,315
2013,11,New Hampshire,13.0,2449
2013,11,New Hampshire,14.0,115
2013,11,New Hampshire,15.0,427
2013,11,New Hampshire,16.0,42
2013,11,New Hampshire,17.0,55
2013,11,New Hampshire,20.0,886
2013,11,Rhode Island,0.0,2206
2013,11,Rhode Island,11.0,4443
2013,11,Rhode Island,12.0,2120
2013,11,Rhode Island,13.0,547
2013,11,Rhode Island,14.0,402
2013,11,Rhode Island,15.0,285
2013,11,Rhode Island,16.0,93
2013,11,Rhode Island,17.0,133
2013,11,Rhode Island,20.0,389
2013,11,Vermont,0.0,1373
2013,11,Vermont,11.0,1837
2013,11,Vermont,12.0,110
2013,11,Vermont,13.0,2149
2013,11,Vermont,14.0,32
2013,11,Vermont,15.0,167
2013,11,Vermont,16.0,58
2013,11,Vermont,17.0,29
2013,11,Vermont,20.0,633
2013,12,New Jersey,0.0,14984
2013,12,New Jersey,11.0,43191
2013,12,New Jersey,12.0,12812
2013,12,New Jersey,13.0,7226
2013,12,New Jersey,14.0,2485
2013,12,New Jersey,15.0,3046
2013,12,New Jersey,16.0,507
2013,12,New Jersey,17.0,912
2013,12,New Jersey,20.0,3347
2013,12,New York,0.0,44422
2013,12,New York,11.0,89377
2013,12,New York,12.0,18600
2013,12,New York,13.0,17437
2013,12,New York,14.0,4569
2013,12,New York,15.0,6808
2013,12,New York,16.0,1126
2013,12,New York,17.0,2131
2013,12,New York,20.0,11695
2013,12,Pennsylvania,0.0,31254
2013,12,Pennsylvania,11.0,45921
2013,12,Pennsylvania,12.0,9922
2013,12,Pennsylvania,13.0,24711
2013,12,Pennsylvania,14.0,2256
2013,12,Pennsylvania,15.0,4203
2013,12,Pennsylvania,16.0,663
2013,12,Pennsylvania,17.0,804
2013,12,Pennsylvania,20.0,8648
2013,21,Illinois,0.0,28293
2013,21,Illinois,11.0,50182
2013,21,Illinois,12.0,2823
2013,21,Illinois,13.0,25495
2013,21,Illinois,14.0,1094
2013,21,Illinois,15.0,4763
2013,21,Illinois,16.0,613
2013,21,Illinois,17.0,701
2013,21,Illinois,20.0,14106
2013,21,Indiana,0.0,17644
2013,21,Indiana,11.0,20717
2013,21,Indiana,12.0,3210
2013,21,Indiana,13.0,13750
2013,21,Indiana,14.0,605
2013,21,Indiana,15.0,2194
2013,21,Indiana,16.0,438
2013,21,Indiana,17.0,313
2013,21,Indiana,20.0,7492
2013,21,Michigan,0.0,25159
2013,21,Michigan,11.0,39105
2013,21,Michigan,12.0,1650
2013,21,Michigan,13.0,14924
2013,21,Michigan,14.0,993
2013,21,Michigan,15.0,2819
2013,21,Michigan,16.0,349
2013,21,Michigan,17.0,467
2013,21,Michigan,20.0,13975
2013,21,Ohio,0.0,29144
2013,21,Ohio,11.0,48601
2013,21,Ohio,12.0,3224
2013,21,Ohio,13.0,19917
2013,21,Ohio,14.0,1229
2013,21,Ohio,15.0,4293
2013,21,Ohio,16.0,438
2013,21,Ohio,17.0,757
2013,21,Ohio,20.0,10620
2013,21,Wisconsin,0.0,14085
2013,21,Wisconsin,11.0,16543
2013,21,Wisconsin,12.0,1652
2013,21,Wisconsin,13.0,14458
2013,21,Wisconsin,14.0,428
2013,21,Wisconsin,15.0,1681
2013,21,Wisconsin,16.0,521
2013,21,Wisconsin,17.0,399
2013,21,Wisconsin,20.0,8789
2013,22,Iowa,0.0,7932
2013,22,Iowa,11.0,8366
2013,22,Iowa,12.0,1403
2013,22,Iowa,13.0,7808
2013,22,Iowa,14.0,320
2013,22,Iowa,15.0,1127
2013,22,Iowa,16.0,348
2013,22,Iowa,17.0,348
2013,22,Iowa,20.0,4165
2013,22,Kansas,0.0,7275
2013,22,Kansas,11.0,9504
2013,22,Kansas,12.0,1700
2013,22,Kansas,13.0,5528
2013,22,Kansas,14.0,335
2013,22,Kansas,15.0,811
2013,22,Kansas,16.0,398
2013,22,Kansas,17.0,255
2013,22,Kansas,20.0,3563
2013,22,Minnesota,0.0,12081
2013,22,Minnesota,11.0,15115
2013,22,Minnesota,12.0,1935
2013,22,Minnesota,13.0,13912
2013,22,Minnesota,14.0,453
2013,22,Minnesota,15.0,1616
2013,22,Minnesota,16.0,787
2013,22,Minnesota,17.0,431
2013,22,Minnesota,20.0,8658
2013,22,Missouri,0.0,17086
2013,22,Missouri,11.0,15281
2013,22,Missouri,12.0,2312
2013,22,Missouri,13.0,15648
2013,22,Missouri,14.0,445
2013,22,Missouri,15.0,2026
2013,22,Missouri,16.0,512
2013,22,Missouri,17.0,321
2013,22,Missouri,20.0,8068
2013,22,Nebraska,0.0,4636
2013,22,Nebraska,11.0,6374
2013,22,Nebraska,12.0,491
2013,22,Nebraska,13.0,3866
2013,22,Nebraska,14.0,248
2013,22,Nebraska,15.0,622
2013,22,Nebraska,16.0,238
2013,22,Nebraska,17.0,155
2013,22,Nebraska,20.0,2205
2013,22,North Dakota,0.0,1804
2013,22,North Dakota,11.0,1744
2013,22,North Dakota,12.0,687
2013,22,North Dakota,13.0,1519
2013,22,North Dakota,14.0,132
2013,22,North Dakota,15.0,244
2013,22,North Dakota,16.0,370
2013,22,North Dakota,17.0,194
2013,22,North Dakota,20.0,741
2013,22,South Dakota,0.0,2437
2013,22,South Dakota,11.0,2459
2013,22,South Dakota,12.0,592
2013,22,South Dakota,13.0,1345
2013,22,South Dakota,14.0,226
2013,22,South Dakota,15.0,241
2013,22,South Dakota,16.0,276
2013,22,South Dakota,17.0,125
2013,22,South Dakota,20.0,1039
2013,31,Delaware,0.0,1944
2013,31,Delaware,11.0,3476
2013,31,Delaware,12.0,1505
2013,31,Delaware,13.0,629
2013,31,Delaware,14.0,304
2013,31,Delaware,15.0,246
2013,31,Delaware,16.0,88
2013,31,Delaware,17.0,85
2013,31,Delaware,20.0,490
2013,31,District of Columbia,0.0,1828
2013,31,District of Columbia,11.0,2481
2013,31,District of Columbia,12.0,391
2013,31,District of Columbia,13.0,1001
2013,31,District of Columbia,14.0,76
2013,31,District of Columbia,15.0,366
2013,31,District of Columbia,16.0,55
2013,31,District of Columbia,17.0,41
2013,31,District of Columbia,20.0,333
2013,31,Florida,0.0,42685
2013,31,Florida,11.0,77044
2013,31,Florida,12.0,12109
2013,31,Florida,13.0,30761
2013,31,Florida,14.0,3246
2013,31,Florida,15.0,9009
2013,31,Florida,16.0,1445
2013,31,Florida,17.0,2060
2013,31,Florida,20.0,12675
2013,31,Georgia,0.0,24646
2013,31,Georgia,11.0,29253
2013,31,Georgia,12.0,2743
2013,31,Georgia,13.0,24256
2013,31,Georgia,14.0,721
2013,31,Georgia,15.0,5066
2013,31,Georgia,16.0,825
2013,31,Georgia,17.0,922
2013,31,Georgia,20.0,8136
2013,31,Maryland,0.0,10982
2013,31,Maryland,11.0,20608
2013,31,Maryland,12.0,12455
2013,31,Maryland,13.0,5887
2013,31,Maryland,14.0,2030
2013,31,Maryland,15.0,1853
2013,31,Maryland,16.0,616
2013,31,Maryland,17.0,714
2013,31,Maryland,20.0,3888
2013,31,North Carolina,0.0,25469
2013,31,North Carolina,11.0,36830
2013,31,North Carolina,12.0,2048
2013,31,North Carolina,13.0,19232
2013,31,North Carolina,14.0,811
2013,31,North Carolina,15.0,3669
2013,31,North Carolina,16.0,471
2013,31,North Carolina,17.0,608
2013,31,North Carolina,20.0,8172
2013,31,South Carolina,0.0,13756
2013,31,South Carolina,11.0,15254
2013,31,South Carolina,12.0,1319
2013,31,South Carolina,13.0,9117
2013,31,South Carolina,14.0,611
2013,31,South Carolina,15.0,1954
2013,31,South Carolina,16.0,333
2013,31,South Carolina,17.0,350
2013,31,South Carolina,20.0,4511
2013,31,Virginia,0.0,17633
2013,31,Virginia,11.0,27884
2013,31,Virginia,12.0,13809
2013,31,Virginia,13.0,10098
2013,31,Virginia,14.0,1982
2013,31,Virginia,15.0,2480
2013,31,Virginia,16.0,604
2013,31,Virginia,17.0,752
2013,31,Virginia,20.0,7802
2013,31,West Virginia,0.0,5454
2013,31,West Virginia,11.0,6413
2013,31,West Virginia,12.0,226
2013,31,West Virginia,13.0,3641
2013,31,West Virginia,14.0,175
2013,31,West Virginia,15.0,674
2013,31,West Virginia,16.0,74
2013,31,West Virginia,17.0,70
2013,31,West Virginia,20.0,1541
2013,32,Alabama,0.0,15307
2013,32,Alabama,11.0,13983
2013,32,Alabama,12.0,876
2013,32,Alabama,13.0,9694
2013,32,Alabama,14.0,345
2013,32,Alabama,15.0,1875
2013,32,Alabama,16.0,292
2013,32,Alabama,17.0,320
2013,32,Alabama,20.0,5144
2013,32,Kentucky,0.0,12387
2013,32,Kentucky,11.0,14140
2013,32,Kentucky,12.0,1069
2013,32,Kentucky,13.0,10062
2013,32,Kentucky,14.0,634
2013,32,Kentucky,15.0,1732
2013,32,Kentucky,16.0,398
2013,32,Kentucky,17.0,302
2013,32,Kentucky,20.0,4273
2013,32,Mississippi,0.0,11663
2013,32,Mississippi,11.0,5546
2013,32,Mississippi,12.0,480
2013,32,Mississippi,13.0,6303
2013,32,Mississippi,14.0,294
2013,32,Mississippi,15.0,1087
2013,32,Mississippi,16.0,243
2013,32,Mississippi,17.0,184
2013,32,Mississippi,20.0,3848
2013,32,Tennessee,0.0,18557
2013,32,Tennessee,11.0,21239
2013,32,Tennessee,12.0,3192
2013,32,Tennessee,13.0,11848
2013,32,Tennessee,14.0,639
2013,32,Tennessee,15.0,1842
2013,32,Tennessee,16.0,414
2013,32,Tennessee,17.0,330
2013,32,Tennessee,20.0,7087
2013,33,Arkansas,0.0,10424
2013,33,Arkansas,11.0,6574
2013,33,Arkansas,12.0,676
2013,33,Arkansas,13.0,6670
2013,33,Arkansas,14.0,204
2013,33,Arkansas,15.0,785
2013,33,Arkansas,16.0,172
2013,33,Arkansas,17.0,182
2013,33,Arkansas,20.0,3904
2013,33,Louisiana,0.0,14086
2013,33,Louisiana,11.0,13898
2013,33,Louisiana,12.0,1292
2013,33,Louisiana,13.0,7757
2013,33,Louisiana,14.0,422
2013,33,Louisiana,15.0,2354
2013,33,Louisiana,16.0,232
2013,33,Louisiana,17.0,386
2013,33,Louisiana,20.0,4200
2013,33,Oklahoma,0.0,12793
2013,33,Oklahoma,11.0,8515
2013,33,Oklahoma,12.0,845
2013,33,Oklahoma,13.0,6950
2013,33,Oklahoma,14.0,243
2013,33,Oklahoma,15.0,891
2013,33,Oklahoma,16.0,182
2013,33,Oklahoma,17.0,221
2013,33,Oklahoma,20.0,6506
2013,33,Texas,0.0,65519
2013,33,Texas,11.0,73493
2013,33,Texas,12.0,15887
2013,33,Texas,13.0,46936
2013,33,Texas,14.0,3342
2013,33,Texas,15.0,9544
2013,33,Texas,16.0,2025
2013,33,Texas,17.0,2251
2013,33,Texas,20.0,34602
2013,41,Arizona,0.0,17329
2013,41,Arizona,11.0,28119
2013,41,Arizona,12.0,943
2013,41,Arizona,13.0,10207
2013,41,Arizona,14.0,817
2013,41,Arizona,15.0,2292
2013,41,Arizona,16.0,291
2013,41,Arizona,17.0,381
2013,41,Arizona,20.0,6153
2013,41,Colorado,0.0,9428
2013,41,Colorado,11.0,20250
2013,41,Colorado,12.0,760
2013,41,Colorado,13.0,12024
2013,41,Colorado,14.0,689
2013,41,Colorado,15.0,2007
2013,41,Colorado,16.0,368
2013,41,Colorado,17.0,372
2013,41,Colorado,20.0,6209
2013,41,Idaho,0.0,3446
2013,41,Idaho,11.0,4289
2013,41,Idaho,12.0,224
2013,41,Idaho,13.0,4044
2013,41,Idaho,14.0,73
2013,41,Idaho,15.0,412
2013,41,Idaho,16.0,159
2013,41,Idaho,17.0,47
2013,41,Idaho,20.0,3092
2013,41,Montana,0.0,2561
2013,41,Montana,11.0,2064
2013,41,Montana,12.0,399
2013,41,Montana,13.0,2768
2013,41,Montana,14.0,70
2013,41,Montana,15.0,356
2013,41,Montana,16.0,232
2013,41,Montana,17.0,86
2013,41,Montana,20.0,1577
2013,41,Nevada,0.0,5318
2013,41,Nevada,11.0,11418
2013,41,Nevada,12.0,442
2013,41,Nevada,13.0,4705
2013,41,Nevada,14.0,340
2013,41,Nevada,15.0,1331
2013,41,Nevada,16.0,165
2013,41,Nevada,17.0,213
2013,41,Nevada,20.0,2816
2013,41,New Mexico,0.0,7048
2013,41,New Mexico,11.0,4487
2013,41,New Mexico,12.0,267
2013,41,New Mexico,13.0,4367
2013,41,New Mexico,14.0,126
2013,41,New Mexico,15.0,632
2013,41,New Mexico,16.0,160
2013,41,New Mexico,17.0,112
2013,41,New Mexico,20.0,2515
2013,41,Utah,0.0,4668
2013,41,Utah,11.0,9770
2013,41,Utah,12.0,1338
2013,41,Utah,13.0,7773
2013,41,Utah,14.0,252
2013,41,Utah,15.0,905
2013,41,Utah,16.0,233
2013,41,Utah,17.0,230
2013,41,Utah,20.0,3798
2013,41,Wyoming,0.0,1288
2013,41,Wyoming,11.0,1714
2013,41,Wyoming,12.0,131
2013,41,Wyoming,13.0,1264
2013,41,Wyoming,14.0,41
2013,41,Wyoming,15.0,274
2013,41,Wyoming,16.0,54
2013,41,Wyoming,17.0,61
2013,41,Wyoming,20.0,1001
2013,42,Alaska,0.0,1989
2013,42,Alaska,11.0,1958
2013,42,Alaska,12.0,28
2013,42,Alaska,13.0,1238
2013,42,Alaska,14.0,39
2013,42,Alaska,15.0,346
2013,42,Alaska,16.0,42
2013,42,Alaska,17.0,173
2013,42,Alaska,20.0,935
2013,42,California,0.0,76297
2013,42,California,11.0,135440
2013,42,California,12.0,23708
2013,42,California,13.0,75849
2013,42,California,14.0,5382
2013,42,California,15.0,16951
2013,42,California,16.0,2974
2013,42,California,17.0,3213
2013,42,California,20.0,31589
2013,42,Hawaii,0.0,2825
2013,42,Hawaii,11.0,7679
2013,42,Hawaii,12.0,219
2013,42,Hawaii,13.0,1792
2013,42,Hawaii,14.0,238
2013,42,Hawaii,15.0,460
2013,42,Hawaii,16.0,45
2013,42,Hawaii,17.0,122
2013,42,Hawaii,20.0,906
2013,42,Oregon,0.0,7638
2013,42,Oregon,11.0,15265
2013,42,Oregon,12.0,2108
2013,42,Oregon,13.0,7385
2013,42,Oregon,14.0,562
2013,42,Oregon,15.0,1176
2013,42,Oregon,16.0,290
2013,42,Oregon,17.0,271
2013,42,Oregon,20.0,4647
2013,42,Washington,0.0,12549
2013,42,Washington,11.0,31231
2013,42,Washington,12.0,2334
2013,42,Washington,13.0,12063
2013,42,Washington,14.0,1033
2013,42,Washington,15.0,2324
2013,42,Washington,16.0,352
2013,42,Washington,17.0,465
2013,42,Washington,20.0,7242
2015,11,Connecticut,0.0,6028
2015,11,Connecticut,11.0,20925
2015,11,Connecticut,12.0,1045
2015,11,Connecticut,13.0,4024
2015,11,Connecticut,14.0,561
2015,11,Connecticut,15.0,1204
2015,11,Connecticut,16.0,100
2015,11,Connecticut,17.0,228
2015,11,Connecticut,20.0,1672
2015,11,Maine,0.0,2935
2015,11,Maine,11.0,5197
2015,11,Maine,12.0,216
2015,11,Maine,13.0,2994
2015,11,Maine,14.0,90
2015,11,Maine,15.0,338
2015,11,Maine,16.0,58
2015,11,Maine,17.0,31
2015,11,Maine,20.0,1200
2015,11,Massachusetts,0.0,12321
2015,11,Massachusetts,11.0,34951
2015,11,Massachusetts,12.0,8493
2015,11,Massachusetts,13.0,5095
2015,11,Massachusetts,14.0,1961
2015,11,Massachusetts,15.0,1852
2015,11,Massachusetts,16.0,186
2015,11,Massachusetts,17.0,594
2015,11,Massachusetts,20.0,3332
2015,11,New Hampshire,0.0,2216
2015,11,New Hampshire,11.0,7310
2015,11,New Hampshire,12.0,453
2015,11,New Hampshire,13.0,1975
2015,11,New Hampshire,14.0,136
2015,11,New Hampshire,15.0,337
2015,11,New Hampshire,16.0,26
2015,11,New Hampshire,17.0,57
2015,11,New Hampshire,20.0,868
2015,11,Rhode Island,0.0,2114
2015,11,Rhode Island,11.0,4648
2015,11,Rhode Island,12.0,2002
2015,11,Rhode Island,13.0,412
2015,11,Rhode Island,14.0,477
2015,11,Rhode Island,15.0,216
2015,11,Rhode Island,16.0,52
2015,11,Rhode Island,17.0,98
2015,11,Rhode Island,20.0,544
2015,11,Vermont,0.0,1223
2015,11,Vermont,11.0,1965
2015,11,Vermont,12.0,239
2015,11,Vermont,13.0,2071
2015,11,Vermont,14.0,65
2015,11,Vermont,15.0,122
2015,11,Vermont,16.0,62
2015,11,Vermont,17.0,29
2015,11,Vermont,20.0,550
2015,12,New Jersey,0.0,13521
2015,12,New Jersey,11.0,44569
2015,12,New Jersey,12.0,15138
2015,12,New Jersey,13.0,5161
2015,12,New Jersey,14.0,2518
2015,12,New Jersey,15.0,2045
2015,12,New Jersey,16.0,427
2015,12,New Jersey,17.0,846
2015,12,New Jersey,20.0,3590
2015,12,New York,0.0,40055
2015,12,New York,11.0,92931
2015,12,New York,12.0,24164
2015,12,New York,13.0,13553
2015,12,New York,14.0,5257
2015,12,New York,15.0,4957
2015,12,New York,16.0,883
2015,12,New York,17.0,2477
2015,12,New York,20.0,11465
2015,12,Pennsylvania,0.0,29240
2015,12,Pennsylvania,11.0,50920
2015,12,Pennsylvania,12.0,11772
2015,12,Pennsylvania,13.0,20708
2015,12,Pennsylvania,14.0,2123
2015,12,Pennsylvania,15.0,3211
2015,12,Pennsylvania,16.0,514
2015,12,Pennsylvania,17.0,876
2015,12,Pennsylvania,20.0,8781
2015,21,Illinois,0.0,25228
2015,21,Illinois,11.0,56587
2015,21,Illinois,12.0,3685
2015,21,Illinois,13.0,20003
2015,21,Illinois,14.0,1315
2015,21,Illinois,15.0,3839
2015,21,Illinois,16.0,551
2015,21,Illinois,17.0,943
2015,21,Illinois,20.0,14491
2015,21,Indiana,0.0,16291
2015,21,Indiana,11.0,23506
2015,21,Indiana,12.0,3990
2015,21,Indiana,13.0,11106
2015,21,Indiana,14.0,777
2015,21,Indiana,15.0,1535
2015,21,Indiana,16.0,374
2015,21,Indiana,17.0,317
2015,21,Indiana,20.0,8149
2015,21,Michigan,0.0,22672
2015,21,Michigan,11.0,42694
2015,21,Michigan,12.0,2517
2015,21,Michigan,13.0,12453
2015,21,Michigan,14.0,1142
2015,21,Michigan,15.0,2136
2015,21,Michigan,16.0,301
2015,21,Michigan,17.0,383
2015,21,Michigan,20.0,13710
2015,21,Ohio,0.0,25751
2015,21,Ohio,11.0,53590
2015,21,Ohio,12.0,4967
2015,21,Ohio,13.0,16556
2015,21,Ohio,14.0,1331
2015,21,Ohio,15.0,3281
2015,21,Ohio,16.0,530
2015,21,Ohio,17.0,783
2015,21,Ohio,20.0,11334
2015,21,Wisconsin,0.0,12767
2015,21,Wisconsin,11.0,18671
2015,21,Wisconsin,12.0,2357
2015,21,Wisconsin,13.0,13005
2015,21,Wisconsin,14.0,624
2015,21,Wisconsin,15.0,1429
2015,21,Wisconsin,16.0,460
2015,21,Wisconsin,17.0,352
2015,21,Wisconsin,20.0,8913
2015,22,Iowa,0.0,7433
2015,22,Iowa,11.0,8978
2015,22,Iowa,12.0,2196
2015,22,Iowa,13.0,6997
2015,22,Iowa,14.0,482
2015,22,Iowa,15.0,896
2015,22,Iowa,16.0,388
2015,22,Iowa,17.0,346
2015,22,Iowa,20.0,4184
2015,22,Kansas,0.0,6383
2015,22,Kansas,11.0,10243
2015,22,Kansas,12.0,2415
2015,22,Kansas,13.0,4438
2015,22,Kansas,14.0,497
2015,22,Kansas,15.0,564
2015,22,Kansas,16.0,339
2015,22,Kansas,17.0,212
2015,22,Kansas,20.0,3683
2015,22,Minnesota,0.0,10891
2015,22,Minnesota,11.0,17073
2015,22,Minnesota,12.0,2875
2015,22,Minnesota,13.0,12538
2015,22,Minnesota,14.0,590
2015,22,Minnesota,15.0,1334
2015,22,Minnesota,16.0,612
2015,22,Minnesota,17.0,380
2015,22,Minnesota,20.0,8518
2015,22,Missouri,0.0,15728
2015,22,Missouri,11.0,17649
2015,22,Missouri,12.0,3948
2015,22,Missouri,13.0,13027
2015,22,Missouri,14.0,486
2015,22,Missouri,15.0,1596
2015,22,Missouri,16.0,436
2015,22,Missouri,17.0,297
2015,22,Missouri,20.0,8419
2015,22,Nebraska,0.0,3989
2015,22,Nebraska,11.0,7165
2015,22,Nebraska,12.0,834
2015,22,Nebraska,13.0,3616
2015,22,Nebraska,14.0,222
2015,22,Nebraska,15.0,520
2015,22,Nebraska,16.0,222
2015,22,Nebraska,17.0,157
2015,22,Nebraska,20.0,2364
2015,22,North Dakota,0.0,1746
2015,22,North Dakota,11.0,2110
2015,22,North Dakota,12.0,1339
2015,22,North Dakota,13.0,1105
2015,22,North Dakota,14.0,169
2015,22,North Dakota,15.0,162
2015,22,North Dakota,16.0,276
2015,22,North Dakota,17.0,260
2015,22,North Dakota,20.0,702
2015,22,South Dakota,0.0,2227
2015,22,South Dakota,11.0,2593
2015,22,South Dakota,12.0,827
2015,22,South Dakota,13.0,1369
2015,22,South Dakota,14.0,229
2015,22,South Dakota,15.0,207
2015,22,South Dakota,16.0,247
2015,22,South Dakota,17.0,128
2015,22,South Dakota,20.0,915
2015,31,Delaware,0.0,1717
2015,31,Delaware,11.0,3819
2015,31,Delaware,12.0,1678
2015,31,Delaware,13.0,575
2015,31,Delaware,14.0,241
2015,31,Delaware,15.0,234
2015,31,Delaware,16.0,48
2015,31,Delaware,17.0,93
2015,31,Delaware,20.0,612
2015,31,District of Columbia,0.0,1595
2015,31,District of Columbia,11.0,2977
2015,31,District of Columbia,12.0,651
2015,31,District of Columbia,13.0,666
2015,31,District of Columbia,14.0,85
2015,31,District of Columbia,15.0,188
2015,31,District of Columbia,16.0,29
2015,31,District of Columbia,17.0,46
2015,31,District of Columbia,20.0,373
2015,31,Florida,0.0,38408
2015,31,Florida,11.0,90881
2015,31,Florida,12.0,14013
2015,31,Florida,13.0,23518
2015,31,Florida,14.0,4320
2015,31,Florida,15.0,6673
2015,31,Florida,16.0,1358
2015,31,Florida,17.0,1972
2015,31,Florida,20.0,13405
2015,31,Georgia,0.0,23113
2015,31,Georgia,11.0,36138
2015,31,Georgia,12.0,3816
2015,31,Georgia,13.0,19708
2015,31,Georgia,14.0,982
2015,31,Georgia,15.0,3860
2015,31,Georgia,16.0,565
2015,31,Georgia,17.0,837
2015,31,Georgia,20.0,8835
2015,31,Maryland,0.0,9990
2015,31,Maryland,11.0,22886
2015,31,Maryland,12.0,13242
2015,31,Maryland,13.0,4445
2015,31,Maryland,14.0,2319
2015,31,Maryland,15.0,1392
2015,31,Maryland,16.0,395
2015,31,Maryland,17.0,634
2015,31,Maryland,20.0,4029
2015,31,North Carolina,0.0,23333
2015,31,North Carolina,11.0,43223
2015,31,North Carolina,12.0,2888
2015,31,North Carolina,13.0,15899
2015,31,North Carolina,14.0,1015
2015,31,North Carolina,15.0,2974
2015,31,North Carolina,16.0,375
2015,31,North Carolina,17.0,487
2015,31,North Carolina,20.0,7990
2015,31,South Carolina,0.0,13270
2015,31,South Carolina,11.0,18115
2015,31,South Carolina,12.0,2017
2015,31,South Carolina,13.0,7147
2015,31,South Carolina,14.0,741
2015,31,South Carolina,15.0,1418
2015,31,South Carolina,16.0,287
2015,31,South Carolina,17.0,340
2015,31,South Carolina,20.0,4688
2015,31,Virginia,0.0,16321
2015,31,Virginia,11.0,30189
2015,31,Virginia,12.0,15568
2015,31,Virginia,13.0,8096
2015,31,Virginia,14.0,2348
2015,31,Virginia,15.0,1793
2015,31,Virginia,16.0,506
2015,31,Virginia,17.0,687
2015,31,Virginia,20.0,7964
2015,31,West Virginia,0.0,4731
2015,31,West Virginia,11.0,7126
2015,31,West Virginia,12.0,224
2015,31,West Virginia,13.0,3473
2015,31,West Virginia,14.0,161
2015,31,West Virginia,15.0,595
2015,31,West Virginia,16.0,58
2015,31,West Virginia,17.0,109
2015,31,West Virginia,20.0,1574
2015,32,Alabama,0.0,14002
2015,32,Alabama,11.0,15634
2015,32,Alabama,12.0,1593
2015,32,Alabama,13.0,7920
2015,32,Alabama,14.0,507
2015,32,Alabama,15.0,1479
2015,32,Alabama,16.0,253
2015,32,Alabama,17.0,267
2015,32,Alabama,20.0,5821
2015,32,Kentucky,0.0,11488
2015,32,Kentucky,11.0,15549
2015,32,Kentucky,12.0,2013
2015,32,Kentucky,13.0,8596
2015,32,Kentucky,14.0,547
2015,32,Kentucky,15.0,1387
2015,32,Kentucky,16.0,370
2015,32,Kentucky,17.0,281
2015,32,Kentucky,20.0,4518
2015,32,Mississippi,0.0,10946
2015,32,Mississippi,11.0,6365
2015,32,Mississippi,12.0,1021
2015,32,Mississippi,13.0,5436
2015,32,Mississippi,14.0,308
2015,32,Mississippi,15.0,753
2015,32,Mississippi,16.0,170
2015,32,Mississippi,17.0,148
2015,32,Mississippi,20.0,4453
2015,32,Tennessee,0.0,17186
2015,32,Tennessee,11.0,24293
2015,32,Tennessee,12.0,4059
2015,32,Tennessee,13.0,9349
2015,32,Tennessee,14.0,1070
2015,32,Tennessee,15.0,1548
2015,32,Tennessee,16.0,420
2015,32,Tennessee,17.0,462
2015,32,Tennessee,20.0,7162
2015,33,Arkansas,0.0,9609
2015,33,Arkansas,11.0,7572
2015,33,Arkansas,12.0,916
2015,33,Arkansas,13.0,5717
2015,33,Arkansas,14.0,189
2015,33,Arkansas,15.0,561
2015,33,Arkansas,16.0,181
2015,33,Arkansas,17.0,144
2015,33,Arkansas,20.0,4716
2015,33,Louisiana,0.0,12470
2015,33,Louisiana,11.0,15795
2015,33,Louisiana,12.0,1820
2015,33,Louisiana,13.0,6335
2015,33,Louisiana,14.0,490
2015,33,Louisiana,15.0,1625
2015,33,Louisiana,16.0,257
2015,33,Louisiana,17.0,290
2015,33,Louisiana,20.0,4810
2015,33,Oklahoma,0.0,11534
2015,33,Oklahoma,11.0,9693
2015,33,Oklahoma,12.0,1233
2015,33,Oklahoma,13.0,6014
2015,33,Oklahoma,14.0,281
2015,33,Oklahoma,15.0,593
2015,33,Oklahoma,16.0,202
2015,33,Oklahoma,17.0,134
2015,33,Oklahoma,20.0,7567
2015,33,Texas,0.0,61954
2015,33,Texas,11.0,86535
2015,33,Texas,12.0,19794
2015,33,Texas,13.0,38835
2015,33,Texas,14.0,3711
2015,33,Texas,15.0,7435
2015,33,Texas,16.0,1948
2015,33,Texas,17.0,2244
2015,33,Texas,20.0,36768
2015,41,Arizona,0.0,14975
2015,41,Arizona,11.0,30583
2015,41,Arizona,12.0,1447
2015,41,Arizona,13.0,8963
2015,41,Arizona,14.0,889
2015,41,Arizona,15.0,1772
2015,41,Arizona,16.0,272
2015,41,Arizona,17.0,340
2015,41,Arizona,20.0,7773
2015,41,Colorado,0.0,8272
2015,41,Colorado,11.0,23671
2015,41,Colorado,12.0,1198
2015,41,Colorado,13.0,10960
2015,41,Colorado,14.0,888
2015,41,Colorado,15.0,1616
2015,41,Colorado,16.0,333
2015,41,Colorado,17.0,395
2015,41,Colorado,20.0,6237
2015,41,Idaho,0.0,3031
2015,41,Idaho,11.0,4780
2015,41,Idaho,12.0,391
2015,41,Idaho,13.0,3806
2015,41,Idaho,14.0,88
2015,41,Idaho,15.0,328
2015,41,Idaho,16.0,114
2015,41,Idaho,17.0,68
2015,41,Idaho,20.0,3119
2015,41,Montana,0.0,2327
2015,41,Montana,11.0,2412
2015,41,Montana,12.0,450
2015,41,Montana,13.0,2473
2015,41,Montana,14.0,83
2015,41,Montana,15.0,272
2015,41,Montana,16.0,167
2015,41,Montana,17.0,73
2015,41,Montana,20.0,1584
2015,41,Nevada,0.0,4662
2015,41,Nevada,11.0,13628
2015,41,Nevada,12.0,650
2015,41,Nevada,13.0,3451
2015,41,Nevada,14.0,454
2015,41,Nevada,15.0,1140
2015,41,Nevada,16.0,95
2015,41,Nevada,17.0,176
2015,41,Nevada,20.0,2732
2015,41,New Mexico,0.0,6682
2015,41,New Mexico,11.0,4770
2015,41,New Mexico,12.0,364
2015,41,New Mexico,13.0,3687
2015,41,New Mexico,14.0,144
2015,41,New Mexico,15.0,463
2015,41,New Mexico,16.0,123
2015,41,New Mexico,17.0,84
2015,41,New Mexico,20.0,2755
2015,41,Utah,0.0,4160
2015,41,Utah,11.0,11206
2015,41,Utah,12.0,1904
2015,41,Utah,13.0,6309
2015,41,Utah,14.0,340
2015,41,Utah,15.0,792
2015,41,Utah,16.0,213
2015,41,Utah,17.0,198
2015,41,Utah,20.0,4168
2015,41,Wyoming,0.0,1170
2015,41,Wyoming,11.0,1884
2015,41,Wyoming,12.0,236
2015,41,Wyoming,13.0,1193
2015,41,Wyoming,14.0,70
2015,41,Wyoming,15.0,125
2015,41,Wyoming,16.0,38
2015,41,Wyoming,17.0,41
2015,41,Wyoming,20.0,1062
2015,42,Alaska,0.0,1502
2015,42,Alaska,11.0,2061
2015,42,Alaska,12.0,69
2015,42,Alaska,13.0,1181
2015,42,Alaska,14.0,60
2015,42,Alaska,15.0,241
2015,42,Alaska,16.0,47
2015,42,Alaska,17.0,70
2015,42,Alaska,20.0,1388
2015,42,California,0.0,64911
2015,42,California,11.0,162312
2015,42,California,12.0,26584
2015,42,California,13.0,58254
2015,42,California,14.0,5892
2015,42,California,15.0,13380
2015,42,California,16.0,2465
2015,42,California,17.0,3347
2015,42,California,20.0,37798
2015,42,Hawaii,0.0,2395
2015,42,Hawaii,11.0,8147
2015,42,Hawaii,12.0,435
2015,42,Hawaii,13.0,1269
2015,42,Hawaii,14.0,315
2015,42,Hawaii,15.0,416
2015,42,Hawaii,16.0,73
2015,42,Hawaii,17.0,126
2015,42,Hawaii,20.0,948
2015,42,Oregon,0.0,6743
2015,42,Oregon,11.0,17304
2015,42,Oregon,12.0,2465
2015,42,Oregon,13.0,6631
2015,42,Oregon,14.0,560
2015,42,Oregon,15.0,978
2015,42,Oregon,16.0,206
2015,42,Oregon,17.0,216
2015,42,Oregon,20.0,4889
2015,42,Washington,0.0,10858
2015,42,Washington,11.0,36147
2015,42,Washington,12.0,3148
2015,42,Washington,13.0,10838
2015,42,Washington,14.0,1193
2015,42,Washington,15.0,1700
2015,42,Washington,16.0,282
2015,42,Washington,17.0,452
2015,42,Washington,20.0,7186
2017,11,Connecticut,0.0,4884
2017,11,Connecticut,10.0,28052
2017,11,Connecticut,20.0,3042
2017,11,Maine,0.0,2299
2017,11,Maine,10.0,8611
2017,11,Maine,20.0,1673
2017,11,Massachusetts,0.0,10140
2017,11,Massachusetts,10.0,53901
2017,11,Massachusetts,20.0,5594
2017,11,New Hampshire,0.0,1741
2017,11,New Hampshire,10.0,10712
2017,11,New Hampshire,20.0,1255
2017,11,Rhode Island,0.0,1609
2017,11,Rhode Island,10.0,7948
2017,11,Rhode Island,20.0,959
2017,11,Vermont,0.0,1111
2017,11,Vermont,10.0,4531
2017,11,Vermont,20.0,698
2017,12,New Jersey,0.0,10012
2017,12,New Jersey,10.0,70211
2017,12,New Jersey,20.0,7891
2017,12,New York,0.0,30905
2017,12,New York,10.0,142712
2017,12,New York,20.0,22968
2017,12,Pennsylvania,0.0,22223
2017,12,Pennsylvania,10.0,90449
2017,12,Pennsylvania,20.0,14761
2017,21,Illinois,0.0,18224
2017,21,Illinois,10.0,89500
2017,21,Illinois,20.0,18758
2017,21,Indiana,0.0,11747
2017,21,Indiana,10.0,43875
2017,21,Indiana,20.0,11382
2017,21,Michigan,0.0,15604
2017,21,Michigan,10.0,64447
2017,21,Michigan,20.0,19408
2017,21,Ohio,0.0,19126
2017,21,Ohio,10.0,84010
2017,21,Ohio,20.0,15706
2017,21,Wisconsin,0.0,9526
2017,21,Wisconsin,10.0,37956
2017,21,Wisconsin,20.0,11577
2017,22,Iowa,0.0,5680
2017,22,Iowa,10.0,21132
2017,22,Iowa,20.0,5644
2017,22,Kansas,0.0,4898
2017,22,Kansas,10.0,19820
2017,22,Kansas,20.0,4656
2017,22,Minnesota,0.0,7848
2017,22,Minnesota,10.0,37564
2017,22,Minnesota,20.0,9749
2017,22,Missouri,0.0,11258
2017,22,Missouri,10.0,38948
2017,22,Missouri,20.0,11867
2017,22,Nebraska,0.0,3039
2017,22,Nebraska,10.0,13477
2017,22,Nebraska,20.0,3029
2017,22,North Dakota,0.0,1470
2017,22,North Dakota,10.0,5521
2017,22,North Dakota,20.0,901
2017,22,South Dakota,0.0,1860
2017,22,South Dakota,10.0,5832
2017,22,South Dakota,20.0,1189
2017,31,Delaware,0.0,1115
2017,31,Delaware,10.0,6900
2017,31,Delaware,20.0,928
2017,31,District of Columbia,0.0,1274
2017,31,District of Columbia,10.0,4689
2017,31,District of Columbia,20.0,602
2017,31,Florida,0.0,29624
2017,31,Florida,10.0,146206
2017,31,Florida,20.0,23814
2017,31,Georgia,0.0,16409
2017,31,Georgia,10.0,68353
2017,31,Georgia,20.0,15037
2017,31,Maryland,0.0,7110
2017,31,Maryland,10.0,45754
2017,31,Maryland,20.0,6599
2017,31,North Carolina,0.0,17283
2017,31,North Carolina,10.0,71308
2017,31,North Carolina,20.0,12642
2017,31,South Carolina,0.0,9600
2017,31,South Carolina,10.0,32047
2017,31,South Carolina,20.0,7791
2017,31,Virginia,0.0,11829
2017,31,Virginia,10.0,60889
2017,31,Virginia,20.0,11704
2017,31,West Virginia,0.0,3675
2017,31,West Virginia,10.0,11776
2017,31,West Virginia,20.0,2307
2017,32,Alabama,0.0,9583
2017,32,Alabama,10.0,28482
2017,32,Alabama,20.0,9580
2017,32,Kentucky,0.0,8769
2017,32,Kentucky,10.0,29356
2017,32,Kentucky,20.0,7084
2017,32,Mississippi,0.0,6972
2017,32,Mississippi,10.0,14754
2017,32,Mississippi,20.0,7370
2017,32,Tennessee,0.0,12076
2017,32,Tennessee,10.0,43454
2017,32,Tennessee,20.0,11045
2017,33,Arkansas,0.0,7336
2017,33,Arkansas,10.0,15975
2017,33,Arkansas,20.0,6710
2017,33,Louisiana,0.0,9242
2017,33,Louisiana,10.0,26775
2017,33,Louisiana,20.0,8007
2017,33,Oklahoma,0.0,8478
2017,33,Oklahoma,10.0,19608
2017,33,Oklahoma,20.0,9019
2017,33,Texas,0.0,41927
2017,33,Texas,10.0,174543
2017,33,Texas,20.0,49372
2017,41,Arizona,0.0,11265
2017,41,Arizona,10.0,46821
2017,41,Arizona,20.0,10777
2017,41,Colorado,0.0,6534
2017,41,Colorado,10.0,41906
2017,41,Colorado,20.0,7160
2017,41,Idaho,0.0,2293
2017,41,Idaho,10.0,10826
2017,41,Idaho,20.0,3417
2017,41,Montana,0.0,1926
2017,41,Montana,10.0,6526
2017,41,Montana,20.0,1769
2017,41,Nevada,0.0,3577
2017,41,Nevada,10.0,20950
2017,41,Nevada,20.0,3886
2017,41,New Mexico,0.0,5063
2017,41,New Mexico,10.0,10638
2017,41,New Mexico,20.0,3320
2017,41,Utah,0.0,3510
2017,41,Utah,10.0,23353
2017,41,Utah,20.0,4041
2017,41,Wyoming,0.0,871
2017,41,Wyoming,10.0,4069
2017,41,Wyoming,20.0,972
2017,42,Alaska,0.0,1597
2017,42,Alaska,10.0,3682
2017,42,Alaska,20.0,1467
2017,42,California,0.0,46317
2017,42,California,10.0,281819
2017,42,California,20.0,49439
2017,42,Hawaii,0.0,2154
2017,42,Hawaii,10.0,10743
2017,42,Hawaii,20.0,1536
2017,42,Oregon,0.0,5128
2017,42,Oregon,10.0,30247
2017,42,Oregon,20.0,5844
2017,42,Washington,0.0,8102
2017,42,Washington,10.0,57619
2017,42,Washington,20.0,8974
2018,11,Connecticut,0.0,4628
2018,11,Connecticut,10.0,28395
2018,11,Connecticut,20.0,3264
2018,11,Maine,0.0,2131
2018,11,Maine,10.0,9258
2018,11,Maine,20.0,1886
2018,11,Massachusetts,0.0,9732
2018,11,Massachusetts,10.0,54395
2018,11,Massachusetts,20.0,6004
2018,11,New Hampshire,0.0,1653
2018,11,New Hampshire,10.0,10713
2018,11,New Hampshire,20.0,1414
2018,11,Rhode Island,0.0,1538
2018,11,Rhode Island,10.0,7911
2018,11,Rhode Island,20.0,1040
2018,11,Vermont,0.0,1056
2018,11,Vermont,10.0,4522
2018,11,Vermont,20.0,858
2018,12,New Jersey,0.0,10244
2018,12,New Jersey,10.0,69992
2018,12,New Jersey,20.0,8350
2018,12,New York,0.0,28947
2018,12,New York,10.0,143589
2018,12,New York,20.0,24431
2018,12,Pennsylvania,0.0,20958
2018,12,Pennsylvania,10.0,92012
2018,12,Pennsylvania,20.0,16096
2018,21,Illinois,0.0,16861
2018,21,Illinois,10.0,90012
2018,21,Illinois,20.0,19583
2018,21,Indiana,0.0,11041
2018,21,Indiana,10.0,44540
2018,21,Indiana,20.0,12099
2018,21,Michigan,0.0,14411
2018,21,Michigan,10.0,65020
2018,21,Michigan,20.0,19988
2018,21,Ohio,0.0,17741
2018,21,Ohio,10.0,85367
2018,21,Ohio,20.0,15978
2018,21,Wisconsin,0.0,9111
2018,21,Wisconsin,10.0,38444
2018,21,Wisconsin,20.0,12278
2018,22,Iowa,0.0,5239
2018,22,Iowa,10.0,21280
2018,22,Iowa,20.0,5843
2018,22,Kansas,0.0,4440
2018,22,Kansas,10.0,20034
2018,22,Kansas,20.0,5093
2018,22,Minnesota,0.0,7629
2018,22,Minnesota,10.0,37669
2018,22,Minnesota,20.0,10485
2018,22,Missouri,0.0,10624
2018,22,Missouri,10.0,39237
2018,22,Missouri,20.0,12555
2018,22,Nebraska,0.0,2836
2018,22,Nebraska,10.0,13284
2018,22,Nebraska,20.0,3331
2018,22,North Dakota,0.0,1458
2018,22,North Dakota,10.0,5537
2018,22,North Dakota,20.0,881
2018,22,South Dakota,0.0,1644
2018,22,South Dakota,10.0,6021
2018,22,South Dakota,20.0,1321
2018,31,Delaware,0.0,1121
2018,31,Delaware,10.0,6863
2018,31,Delaware,20.0,1139
2018,31,District of Columbia,0.0,1071
2018,31,District of Columbia,10.0,4876
2018,31,District of Columbia,20.0,602
2018,31,Florida,0.0,27164
2018,31,Florida,10.0,149911
2018,31,Florida,20.0,25085
2018,31,Georgia,0.0,15552
2018,31,Georgia,10.0,69911
2018,31,Georgia,20.0,15392
2018,31,Maryland,0.0,6983
2018,31,Maryland,10.0,46205
2018,31,Maryland,20.0,6652
2018,31,North Carolina,0.0,16365
2018,31,North Carolina,10.0,72669
2018,31,North Carolina,20.0,13489
2018,31,South Carolina,0.0,8636
2018,31,South Carolina,10.0,33106
2018,31,South Carolina,20.0,8076
2018,31,Virginia,0.0,11206
2018,31,Virginia,10.0,61570
2018,31,Virginia,20.0,11979
2018,31,West Virginia,0.0,3498
2018,31,West Virginia,10.0,11800
2018,31,West Virginia,20.0,2768
2018,32,Alabama,0.0,8829
2018,32,Alabama,10.0,28952
2018,32,Alabama,20.0,9996
2018,32,Kentucky,0.0,7864
2018,32,Kentucky,10.0,30264
2018,32,Kentucky,20.0,7347
2018,32,Mississippi,0.0,6483
2018,32,Mississippi,10.0,14955
2018,32,Mississippi,20.0,7686
2018,32,Tennessee,0.0,10800
2018,32,Tennessee,10.0,44980
2018,32,Tennessee,20.0,12170
2018,33,Arkansas,0.0,6316
2018,33,Arkansas,10.0,16593
2018,33,Arkansas,20.0,7594
2018,33,Louisiana,0.0,8435
2018,33,Louisiana,10.0,26978
2018,33,Louisiana,20.0,8176
2018,33,Oklahoma,0.0,7853
2018,33,Oklahoma,10.0,20192
2018,33,Oklahoma,20.0,9603
2018,33,Texas,0.0,39322
2018,33,Texas,10.0,178669
2018,33,Texas,20.0,50109
2018,41,Arizona,0.0,10634
2018,41,Arizona,10.0,48502
2018,41,Arizona,20.0,10854
2018,41,Colorado,0.0,5828
2018,41,Colorado,10.0,42910
2018,41,Colorado,20.0,7190
2018,41,Idaho,0.0,2164
2018,41,Idaho,10.0,10885
2018,41,Idaho,20.0,3662
2018,41,Montana,0.0,1667
2018,41,Montana,10.0,6668
2018,41,Montana,20.0,2001
2018,41,Nevada,0.0,3213
2018,41,Nevada,10.0,21779
2018,41,Nevada,20.0,3935
2018,41,New Mexico,0.0,4705
2018,41,New Mexico,10.0,10915
2018,41,New Mexico,20.0,3627
2018,41,Utah,0.0,3168
2018,41,Utah,10.0,24396
2018,41,Utah,20.0,4039
2018,41,Wyoming,0.0,843
2018,41,Wyoming,10.0,3777
2018,41,Wyoming,20.0,1120
2018,42,Alaska,0.0,1540
2018,42,Alaska,10.0,3791
2018,42,Alaska,20.0,1380
2018,42,California,0.0,44209
2018,42,California,10.0,283520
2018,42,California,20.0,51088
2018,42,Hawaii,0.0,2007
2018,42,Hawaii,10.0,10902
2018,42,Hawaii,20.0,1491
2018,42,Oregon,0.0,5016
2018,42,Oregon,10.0,30871
2018,42,Oregon,20.0,6230
2018,42,Washington,0.0,7932
2018,42,Washington,10.0,59049
2018,42,Washington,20.0,9244
