YEAR,REGION,STATE,COUNTYFIP,COUNTYFIP_COUNTS
2011,11,Connecticut,1,9314
2011,11,Connecticut,3,9409
2011,11,Connecticut,5,2276
2011,11,Connecticut,7,1561
2011,11,Connecticut,9,8231
2011,11,Connecticut,11,3017
2011,11,Connecticut,13,1469
2011,11,Connecticut,15,1261
2011,11,Maine,0,11603
2011,11,Maine,1,871
2011,11,Maine,11,1091
2011,11,Massachusetts,0,53845
2011,11,Massachusetts,9,7889
2011,11,Massachusetts,25,7275
2011,11,New Hampshire,0,12468
2011,11,New Hampshire,17,1116
2011,11,Rhode Island,0,1520
2011,11,Rhode Island,3,1675
2011,11,Rhode Island,7,6262
2011,11,Rhode Island,9,1348
2011,11,Vermont,0,6608
2011,12,New Jersey,0,4100
2011,12,New Jersey,1,2714
2011,12,New Jersey,3,8248
2011,12,New Jersey,5,5103
2011,12,New Jersey,7,5709
2011,12,New Jersey,9,997
2011,12,New Jersey,11,1967
2011,12,New Jersey,13,7883
2011,12,New Jersey,17,5732
2011,12,New Jersey,19,1602
2011,12,New Jersey,21,3276
2011,12,New Jersey,23,8607
2011,12,New Jersey,25,6451
2011,12,New Jersey,27,5050
2011,12,New Jersey,29,5749
2011,12,New Jersey,31,3870
2011,12,New Jersey,35,3043
2011,12,New Jersey,37,1857
2011,12,New Jersey,39,4950
2011,12,New Jersey,41,1459
2011,12,New York,0,63810
2011,12,New York,1,2887
2011,12,New York,5,10956
2011,12,New York,13,2153
2011,12,New York,27,2955
2011,12,New York,29,8863
2011,12,New York,47,24224
2011,12,New York,59,13773
2011,12,New York,61,9571
2011,12,New York,63,2220
2011,12,New York,69,1289
2011,12,New York,71,3194
2011,12,New York,75,1694
2011,12,New York,81,20771
2011,12,New York,83,1692
2011,12,New York,85,4073
2011,12,New York,87,3154
2011,12,New York,89,1933
2011,12,New York,91,2211
2011,12,New York,93,1622
2011,12,New York,103,14129
2011,12,Pennsylvania,0,49856
2011,12,Pennsylvania,3,11463
2011,12,Pennsylvania,11,3761
2011,12,Pennsylvania,13,1404
2011,12,Pennsylvania,17,5013
2011,12,Pennsylvania,19,2155
2011,12,Pennsylvania,27,1642
2011,12,Pennsylvania,29,4428
2011,12,Pennsylvania,43,2319
2011,12,Pennsylvania,45,4931
2011,12,Pennsylvania,49,2846
2011,12,Pennsylvania,51,1519
2011,12,Pennsylvania,71,4051
2011,12,Pennsylvania,75,1263
2011,12,Pennsylvania,81,1766
2011,12,Pennsylvania,85,1796
2011,12,Pennsylvania,89,804
2011,12,Pennsylvania,91,7212
2011,12,Pennsylvania,95,2465
2011,12,Pennsylvania,101,9226
2011,12,Pennsylvania,107,2163
2011,12,Pennsylvania,129,3659
2011,12,Pennsylvania,133,3787
2011,21,Illinois,0,59384
2011,21,Illinois,19,2207
2011,21,Illinois,31,43129
2011,21,Illinois,43,7093
2011,21,Illinois,91,1306
2011,21,Illinois,97,7247
2011,21,Illinois,99,1639
2011,21,Illinois,113,2013
2011,21,Illinois,115,1375
2011,21,Illinois,179,1641
2011,21,Indiana,0,39693
2011,21,Indiana,3,3593
2011,21,Indiana,35,1296
2011,21,Indiana,39,1451
2011,21,Indiana,81,1119
2011,21,Indiana,89,4321
2011,21,Indiana,91,1297
2011,21,Indiana,97,7532
2011,21,Indiana,105,1227
2011,21,Indiana,127,1348
2011,21,Indiana,141,3032
2011,21,Michigan,0,47825
2011,21,Michigan,21,1640
2011,21,Michigan,25,1478
2011,21,Michigan,75,1420
2011,21,Michigan,81,4532
2011,21,Michigan,93,1670
2011,21,Michigan,99,6452
2011,21,Michigan,115,1415
2011,21,Michigan,121,1641
2011,21,Michigan,125,10170
2011,21,Michigan,139,1754
2011,21,Michigan,145,2114
2011,21,Michigan,161,2992
2011,21,Michigan,163,14182
2011,21,Ohio,0,55071
2011,21,Ohio,7,1165
2011,21,Ohio,17,3019
2011,21,Ohio,29,1200
2011,21,Ohio,35,13927
2011,21,Ohio,41,1640
2011,21,Ohio,45,1322
2011,21,Ohio,49,9631
2011,21,Ohio,57,1542
2011,21,Ohio,61,7395
2011,21,Ohio,89,1531
2011,21,Ohio,93,3148
2011,21,Ohio,103,1717
2011,21,Ohio,113,5177
2011,21,Ohio,133,1546
2011,21,Ohio,139,1218
2011,21,Ohio,153,4837
2011,21,Ohio,165,1760
2011,21,Ohio,169,1577
2011,21,Wisconsin,0,47008
2011,21,Wisconsin,9,1690
2011,21,Wisconsin,25,3450
2011,21,Wisconsin,59,925
2011,21,Wisconsin,63,932
2011,21,Wisconsin,73,1677
2011,21,Wisconsin,101,1303
2011,21,Wisconsin,105,1347
2011,21,Wisconsin,117,1109
2011,22,Iowa,0,23387
2011,22,Iowa,13,1089
2011,22,Iowa,103,894
2011,22,Iowa,113,1496
2011,22,Iowa,153,2433
2011,22,Iowa,163,1294
2011,22,Iowa,193,872
2011,22,Kansas,0,22290
2011,22,Kansas,91,3867
2011,22,Kansas,177,1361
2011,22,Kansas,209,1466
2011,22,Minnesota,0,34720
2011,22,Minnesota,3,2095
2011,22,Minnesota,37,2526
2011,22,Minnesota,53,7226
2011,22,Minnesota,109,1174
2011,22,Minnesota,123,3240
2011,22,Minnesota,137,2211
2011,22,Minnesota,163,1625
2011,22,Missouri,0,45128
2011,22,Missouri,19,1295
2011,22,Missouri,99,1604
2011,22,Missouri,183,2793
2011,22,Missouri,189,8374
2011,22,Missouri,510,2916
2011,22,Nebraska,0,12980
2011,22,Nebraska,55,3806
2011,22,Nebraska,109,1927
2011,22,North Dakota,0,6087
2011,22,North Dakota,17,900
2011,22,South Dakota,0,8416
2011,31,Delaware,1,1564
2011,31,Delaware,3,5139
2011,31,Delaware,5,2291
2011,31,District of Columbia,1,6262
2011,31,Florida,0,51775
2011,31,Florida,1,2732
2011,31,Florida,5,1748
2011,31,Florida,9,5471
2011,31,Florida,11,17106
2011,31,Florida,15,1273
2011,31,Florida,19,1505
2011,31,Florida,21,2735
2011,31,Florida,33,3314
2011,31,Florida,53,1556
2011,31,Florida,57,14387
2011,31,Florida,69,2249
2011,31,Florida,71,6050
2011,31,Florida,81,3498
2011,31,Florida,83,3022
2011,31,Florida,85,1614
2011,31,Florida,91,2091
2011,31,Florida,95,11593
2011,31,Florida,97,2005
2011,31,Florida,99,15159
2011,31,Florida,101,4204
2011,31,Florida,103,11183
2011,31,Florida,105,6581
2011,31,Florida,109,1408
2011,31,Florida,111,2088
2011,31,Florida,113,1550
2011,31,Florida,115,4483
2011,31,Florida,117,4434
2011,31,Florida,127,4386
2011,31,Georgia,0,54096
2011,31,Georgia,21,1783
2011,31,Georgia,51,3036
2011,31,Georgia,57,1578
2011,31,Georgia,63,2078
2011,31,Georgia,67,5396
2011,31,Georgia,89,6283
2011,31,Georgia,121,7762
2011,31,Georgia,135,5092
2011,31,Georgia,139,1554
2011,31,Georgia,151,1176
2011,31,Georgia,215,2479
2011,31,Georgia,245,2085
2011,31,Maryland,0,8235
2011,31,Maryland,3,4714
2011,31,Maryland,5,8673
2011,31,Maryland,13,1804
2011,31,Maryland,17,1337
2011,31,Maryland,21,2022
2011,31,Maryland,25,2408
2011,31,Maryland,27,2455
2011,31,Maryland,31,10006
2011,31,Maryland,33,8446
2011,31,Maryland,43,1801
2011,31,Maryland,510,6434
2011,31,North Carolina,0,58177
2011,31,North Carolina,1,1864
2011,31,North Carolina,25,1325
2011,31,North Carolina,35,1724
2011,31,North Carolina,51,3357
2011,31,North Carolina,57,1239
2011,31,North Carolina,67,3825
2011,31,North Carolina,81,5187
2011,31,North Carolina,97,1088
2011,31,North Carolina,119,7811
2011,31,North Carolina,133,1729
2011,31,North Carolina,147,1331
2011,31,North Carolina,151,1581
2011,31,North Carolina,155,1666
2011,31,North Carolina,159,1606
2011,31,North Carolina,179,1391
2011,31,North Carolina,191,1259
2011,31,South Carolina,0,26084
2011,31,South Carolina,3,1637
2011,31,South Carolina,7,1781
2011,31,South Carolina,15,1601
2011,31,South Carolina,19,3485
2011,31,South Carolina,45,4720
2011,31,South Carolina,51,1949
2011,31,South Carolina,83,2888
2011,31,South Carolina,85,1178
2011,31,South Carolina,91,2044
2011,31,Virginia,0,56450
2011,31,Virginia,13,1813
2011,31,Virginia,41,3241
2011,31,Virginia,87,2886
2011,31,Virginia,510,1355
2011,31,Virginia,550,2212
2011,31,Virginia,650,1311
2011,31,Virginia,700,1764
2011,31,Virginia,710,3389
2011,31,Virginia,760,2403
2011,31,Virginia,810,4541
2011,31,West Virginia,0,18365
2011,32,Alabama,0,31655
2011,32,Alabama,3,1110
2011,32,Alabama,15,1080
2011,32,Alabama,55,1061
2011,32,Alabama,73,5407
2011,32,Alabama,81,1037
2011,32,Alabama,97,3807
2011,32,Alabama,117,1618
2011,32,Alabama,125,1804
2011,32,Kentucky,0,32447
2011,32,Kentucky,67,2356
2011,32,Kentucky,111,7917
2011,32,Kentucky,117,1586
2011,32,Mississippi,0,24426
2011,32,Mississippi,33,1192
2011,32,Mississippi,47,1619
2011,32,Mississippi,59,1123
2011,32,Mississippi,121,1094
2011,32,Tennessee,0,42777
2011,32,Tennessee,9,1126
2011,32,Tennessee,37,6293
2011,32,Tennessee,125,1361
2011,32,Tennessee,149,1617
2011,32,Tennessee,157,8197
2011,32,Tennessee,179,924
2011,32,Tennessee,187,1297
2011,33,Arkansas,0,23596
2011,33,Arkansas,7,1456
2011,33,Arkansas,119,2669
2011,33,Arkansas,143,1686
2011,33,Louisiana,0,35994
2011,33,Louisiana,17,2267
2011,33,Louisiana,19,1640
2011,33,Louisiana,73,1468
2011,33,Louisiana,79,1250
2011,33,Louisiana,105,949
2011,33,Louisiana,109,836
2011,33,Oklahoma,0,37650
2011,33,Texas,0,106179
2011,33,Texas,29,15187
2011,33,Texas,39,2905
2011,33,Texas,41,1606
2011,33,Texas,61,4672
2011,33,Texas,85,5914
2011,33,Texas,113,23488
2011,33,Texas,121,4602
2011,33,Texas,135,1459
2011,33,Texas,139,1599
2011,33,Texas,141,7243
2011,33,Texas,157,4063
2011,33,Texas,167,2904
2011,33,Texas,201,32305
2011,33,Texas,215,5762
2011,33,Texas,245,3129
2011,33,Texas,251,1583
2011,33,Texas,303,2818
2011,33,Texas,309,3053
2011,33,Texas,329,1422
2011,33,Texas,375,1677
2011,33,Texas,381,1459
2011,33,Texas,423,2106
2011,33,Texas,441,1660
2011,33,Texas,479,2018
2011,33,Texas,485,1686
2011,33,Texas,491,3037
2011,41,Arizona,0,11894
2011,41,Arizona,5,2003
2011,41,Arizona,13,36857
2011,41,Arizona,19,10876
2011,41,Arizona,25,1508
2011,41,Arizona,27,1779
2011,41,Colorado,0,42852
2011,41,Colorado,41,5810
2011,41,Colorado,123,2163
2011,41,Idaho,0,11829
2011,41,Idaho,1,2606
2011,41,Idaho,27,1347
2011,41,Montana,0,8940
2011,41,Montana,111,1025
2011,41,Nevada,0,4272
2011,41,Nevada,3,17921
2011,41,Nevada,31,3920
2011,41,New Mexico,0,11494
2011,41,New Mexico,1,5346
2011,41,New Mexico,13,1490
2011,41,New Mexico,45,1447
2011,41,Utah,0,8608
2011,41,Utah,11,2745
2011,41,Utah,35,9336
2011,41,Utah,49,4923
2011,41,Utah,57,2139
2011,41,Wyoming,0,5798
2011,42,Alaska,0,5603
2011,42,Alaska,20,1457
2011,42,California,0,15091
2011,42,California,1,15916
2011,42,California,7,2144
2011,42,California,13,8740
2011,42,California,17,1549
2011,42,California,19,8753
2011,42,California,23,1599
2011,42,California,25,1796
2011,42,California,29,7905
2011,42,California,31,1907
2011,42,California,37,102649
2011,42,California,39,1409
2011,42,California,41,2313
2011,42,California,47,2569
2011,42,California,55,1366
2011,42,California,59,31385
2011,42,California,61,2746
2011,42,California,65,20358
2011,42,California,67,13493
2011,42,California,71,14183
2011,42,California,73,30936
2011,42,California,75,7179
2011,42,California,77,6245
2011,42,California,79,2472
2011,42,California,81,7565
2011,42,California,83,4529
2011,42,California,85,18609
2011,42,California,87,2770
2011,42,California,89,1811
2011,42,California,95,3836
2011,42,California,97,4552
2011,42,California,99,4923
2011,42,California,107,5172
2011,42,California,111,8432
2011,42,California,113,1907
2011,42,Hawaii,0,2351
2011,42,Hawaii,1,1849
2011,42,Hawaii,3,10071
2011,42,Oregon,0,28248
2011,42,Oregon,17,1116
2011,42,Oregon,19,1155
2011,42,Oregon,29,1813
2011,42,Oregon,39,3652
2011,42,Oregon,47,3066
2011,42,Washington,0,18446
2011,42,Washington,11,4241
2011,42,Washington,33,18608
2011,42,Washington,35,2752
2011,42,Washington,53,8170
2011,42,Washington,61,6811
2011,42,Washington,63,5098
2011,42,Washington,67,1862
2011,42,Washington,73,1712
2011,42,Washington,77,2062
2012,11,Connecticut,1,9458
2012,11,Connecticut,3,9156
2012,11,Connecticut,5,2172
2012,11,Connecticut,7,1648
2012,11,Connecticut,9,8135
2012,11,Connecticut,11,3004
2012,11,Connecticut,13,1589
2012,11,Connecticut,15,1219
2012,11,Maine,0,9872
2012,11,Maine,1,774
2012,11,Maine,11,969
2012,11,Maine,19,1557
2012,11,Massachusetts,0,59164
2012,11,Massachusetts,3,1888
2012,11,Massachusetts,25,7383
2012,11,New Hampshire,0,13469
2012,11,Rhode Island,0,1501
2012,11,Rhode Island,3,1661
2012,11,Rhode Island,7,6235
2012,11,Rhode Island,9,1358
2012,11,Vermont,0,6553
2012,12,New Jersey,0,6783
2012,12,New Jersey,3,8346
2012,12,New Jersey,5,4913
2012,12,New Jersey,7,5353
2012,12,New Jersey,13,7761
2012,12,New Jersey,15,3261
2012,12,New Jersey,17,5980
2012,12,New Jersey,19,1546
2012,12,New Jersey,21,3259
2012,12,New Jersey,23,8183
2012,12,New Jersey,25,6494
2012,12,New Jersey,27,4924
2012,12,New Jersey,29,5598
2012,12,New Jersey,31,4294
2012,12,New Jersey,35,3194
2012,12,New Jersey,37,1864
2012,12,New Jersey,39,4864
2012,12,New Jersey,41,1386
2012,12,New York,0,55348
2012,12,New York,1,2836
2012,12,New York,5,10959
2012,12,New York,13,1985
2012,12,New York,27,3241
2012,12,New York,29,8829
2012,12,New York,47,24614
2012,12,New York,55,7088
2012,12,New York,59,13566
2012,12,New York,61,9216
2012,12,New York,63,2181
2012,12,New York,71,3728
2012,12,New York,75,1568
2012,12,New York,81,21325
2012,12,New York,83,1784
2012,12,New York,85,3997
2012,12,New York,87,3238
2012,12,New York,89,1844
2012,12,New York,91,2202
2012,12,New York,93,1541
2012,12,New York,103,14119
2012,12,New York,109,1105
2012,12,Pennsylvania,0,52790
2012,12,Pennsylvania,3,11077
2012,12,Pennsylvania,11,3692
2012,12,Pennsylvania,17,5123
2012,12,Pennsylvania,19,2315
2012,12,Pennsylvania,21,2208
2012,12,Pennsylvania,27,1524
2012,12,Pennsylvania,29,4445
2012,12,Pennsylvania,43,2315
2012,12,Pennsylvania,45,4854
2012,12,Pennsylvania,49,2737
2012,12,Pennsylvania,51,1553
2012,12,Pennsylvania,71,4086
2012,12,Pennsylvania,75,1160
2012,12,Pennsylvania,85,1748
2012,12,Pennsylvania,89,857
2012,12,Pennsylvania,91,7185
2012,12,Pennsylvania,101,9451
2012,12,Pennsylvania,107,2069
2012,12,Pennsylvania,129,3666
2012,12,Pennsylvania,133,3750
2012,21,Illinois,0,35015
2012,21,Illinois,19,1991
2012,21,Illinois,31,43178
2012,21,Illinois,37,1087
2012,21,Illinois,43,8854
2012,21,Illinois,89,3685
2012,21,Illinois,91,1340
2012,21,Illinois,97,6668
2012,21,Illinois,99,1465
2012,21,Illinois,111,2757
2012,21,Illinois,113,1924
2012,21,Illinois,115,1379
2012,21,Illinois,119,2508
2012,21,Illinois,143,1961
2012,21,Illinois,161,1598
2012,21,Illinois,163,2130
2012,21,Illinois,167,2086
2012,21,Illinois,179,1595
2012,21,Illinois,197,5987
2012,21,Indiana,0,31542
2012,21,Indiana,3,3659
2012,21,Indiana,19,971
2012,21,Indiana,35,1243
2012,21,Indiana,39,1734
2012,21,Indiana,63,1130
2012,21,Indiana,81,1105
2012,21,Indiana,89,4284
2012,21,Indiana,91,1419
2012,21,Indiana,95,1512
2012,21,Indiana,97,7846
2012,21,Indiana,105,1086
2012,21,Indiana,127,1545
2012,21,Indiana,141,2912
2012,21,Indiana,157,1563
2012,21,Indiana,163,1705
2012,21,Indiana,167,1114
2012,21,Michigan,0,41372
2012,21,Michigan,5,1223
2012,21,Michigan,21,1648
2012,21,Michigan,65,2349
2012,21,Michigan,75,1464
2012,21,Michigan,77,2006
2012,21,Michigan,81,4401
2012,21,Michigan,93,1870
2012,21,Michigan,99,6409
2012,21,Michigan,115,1315
2012,21,Michigan,121,1644
2012,21,Michigan,125,10137
2012,21,Michigan,139,2112
2012,21,Michigan,145,2030
2012,21,Michigan,147,1656
2012,21,Michigan,161,3026
2012,21,Michigan,163,13925
2012,21,Ohio,0,50874
2012,21,Ohio,3,1186
2012,21,Ohio,7,1081
2012,21,Ohio,17,3151
2012,21,Ohio,23,1580
2012,21,Ohio,29,1098
2012,21,Ohio,35,13381
2012,21,Ohio,41,1628
2012,21,Ohio,45,1428
2012,21,Ohio,49,10066
2012,21,Ohio,57,1514
2012,21,Ohio,61,7413
2012,21,Ohio,89,1490
2012,21,Ohio,93,2916
2012,21,Ohio,103,1702
2012,21,Ohio,109,936
2012,21,Ohio,113,5070
2012,21,Ohio,133,1503
2012,21,Ohio,139,1133
2012,21,Ohio,153,4908
2012,21,Ohio,165,1690
2012,21,Ohio,169,1503
2012,21,Wisconsin,0,33635
2012,21,Wisconsin,9,1643
2012,21,Wisconsin,25,3343
2012,21,Wisconsin,59,983
2012,21,Wisconsin,63,860
2012,21,Wisconsin,73,1609
2012,21,Wisconsin,79,6398
2012,21,Wisconsin,87,1426
2012,21,Wisconsin,101,1259
2012,21,Wisconsin,105,1281
2012,21,Wisconsin,117,1095
2012,21,Wisconsin,127,903
2012,21,Wisconsin,133,2744
2012,21,Wisconsin,139,1305
2012,22,Iowa,0,26726
2012,22,Iowa,13,1090
2012,22,Iowa,103,924
2012,22,Iowa,113,1471
2012,22,Iowa,163,1247
2012,22,Kansas,0,22516
2012,22,Kansas,45,769
2012,22,Kansas,91,4401
2012,22,Kansas,209,1453
2012,22,Minnesota,0,33813
2012,22,Minnesota,3,2147
2012,22,Minnesota,37,2666
2012,22,Minnesota,53,7150
2012,22,Minnesota,109,1126
2012,22,Minnesota,123,3254
2012,22,Minnesota,145,1625
2012,22,Minnesota,163,1589
2012,22,Minnesota,171,984
2012,22,Missouri,0,37126
2012,22,Missouri,19,1253
2012,22,Missouri,71,910
2012,22,Missouri,95,5923
2012,22,Missouri,99,1719
2012,22,Missouri,183,3271
2012,22,Missouri,189,8478
2012,22,Missouri,510,2959
2012,22,Nebraska,0,11530
2012,22,Nebraska,55,3985
2012,22,Nebraska,109,2086
2012,22,Nebraska,153,1282
2012,22,North Dakota,0,6164
2012,22,North Dakota,17,958
2012,22,South Dakota,0,8380
2012,31,Delaware,1,1479
2012,31,Delaware,3,4921
2012,31,Delaware,5,2415
2012,31,District of Columbia,1,6303
2012,31,Florida,0,50025
2012,31,Florida,1,2473
2012,31,Florida,9,5096
2012,31,Florida,11,16385
2012,31,Florida,15,1690
2012,31,Florida,17,1208
2012,31,Florida,19,1551
2012,31,Florida,21,3089
2012,31,Florida,31,7918
2012,31,Florida,33,3186
2012,31,Florida,53,1866
2012,31,Florida,57,13641
2012,31,Florida,61,1270
2012,31,Florida,71,6783
2012,31,Florida,73,2944
2012,31,Florida,81,3458
2012,31,Florida,83,2793
2012,31,Florida,85,1616
2012,31,Florida,91,2123
2012,31,Florida,95,10147
2012,31,Florida,97,1999
2012,31,Florida,99,14610
2012,31,Florida,101,5630
2012,31,Florida,103,10333
2012,31,Florida,105,6717
2012,31,Florida,111,2059
2012,31,Florida,113,1456
2012,31,Florida,115,3975
2012,31,Florida,117,4009
2012,31,Georgia,0,57297
2012,31,Georgia,15,848
2012,31,Georgia,21,1737
2012,31,Georgia,45,937
2012,31,Georgia,51,2959
2012,31,Georgia,57,1577
2012,31,Georgia,59,1243
2012,31,Georgia,63,2130
2012,31,Georgia,67,6163
2012,31,Georgia,73,1072
2012,31,Georgia,77,1166
2012,31,Georgia,97,1088
2012,31,Georgia,113,1105
2012,31,Georgia,117,2299
2012,31,Georgia,135,6112
2012,31,Georgia,139,1887
2012,31,Georgia,151,1348
2012,31,Georgia,185,1308
2012,31,Georgia,223,1020
2012,31,Georgia,245,1980
2012,31,Georgia,313,952
2012,31,Maryland,0,7336
2012,31,Maryland,3,4664
2012,31,Maryland,5,8190
2012,31,Maryland,13,1901
2012,31,Maryland,15,931
2012,31,Maryland,17,1373
2012,31,Maryland,21,2829
2012,31,Maryland,25,2445
2012,31,Maryland,27,2660
2012,31,Maryland,31,10035
2012,31,Maryland,33,8694
2012,31,Maryland,43,1541
2012,31,Maryland,510,5818
2012,31,North Carolina,0,44281
2012,31,North Carolina,1,1846
2012,31,North Carolina,19,1218
2012,31,North Carolina,21,2261
2012,31,North Carolina,35,1386
2012,31,North Carolina,49,1007
2012,31,North Carolina,51,3551
2012,31,North Carolina,57,1442
2012,31,North Carolina,63,2372
2012,31,North Carolina,67,3696
2012,31,North Carolina,71,2457
2012,31,North Carolina,81,4888
2012,31,North Carolina,85,1897
2012,31,North Carolina,101,1262
2012,31,North Carolina,119,8803
2012,31,North Carolina,135,1523
2012,31,North Carolina,147,1416
2012,31,North Carolina,151,1306
2012,31,North Carolina,159,1358
2012,31,North Carolina,183,8342
2012,31,North Carolina,191,1108
2012,31,South Carolina,0,37785
2012,31,South Carolina,7,1645
2012,31,South Carolina,51,2718
2012,31,South Carolina,83,2987
2012,31,South Carolina,91,2209
2012,31,Virginia,0,58866
2012,31,Virginia,13,2019
2012,31,Virginia,41,3078
2012,31,Virginia,87,2717
2012,31,Virginia,107,3376
2012,31,Virginia,510,1334
2012,31,Virginia,550,1984
2012,31,Virginia,650,1246
2012,31,Virginia,700,1702
2012,31,Virginia,760,2044
2012,31,Virginia,810,4458
2012,31,West Virginia,0,18290
2012,32,Alabama,0,32371
2012,32,Alabama,3,1334
2012,32,Alabama,15,1081
2012,32,Alabama,55,962
2012,32,Alabama,73,5594
2012,32,Alabama,81,1058
2012,32,Alabama,97,3577
2012,32,Alabama,117,1842
2012,32,Kentucky,0,30387
2012,32,Kentucky,15,934
2012,32,Kentucky,67,2761
2012,32,Kentucky,111,8109
2012,32,Kentucky,117,1507
2012,32,Kentucky,227,966
2012,32,Mississippi,0,25251
2012,32,Mississippi,33,1447
2012,32,Mississippi,47,1657
2012,32,Mississippi,59,1131
2012,32,Tennessee,0,38000
2012,32,Tennessee,9,1211
2012,32,Tennessee,37,6043
2012,32,Tennessee,65,3281
2012,32,Tennessee,149,2150
2012,32,Tennessee,157,8016
2012,32,Tennessee,165,1694
2012,32,Tennessee,179,996
2012,32,Tennessee,187,1876
2012,32,Tennessee,189,1009
2012,33,Arkansas,0,21615
2012,33,Arkansas,7,2165
2012,33,Arkansas,119,2915
2012,33,Arkansas,125,908
2012,33,Arkansas,143,1621
2012,33,Louisiana,0,27728
2012,33,Louisiana,5,732
2012,33,Louisiana,17,2188
2012,33,Louisiana,33,3356
2012,33,Louisiana,55,1680
2012,33,Louisiana,71,4616
2012,33,Louisiana,73,1495
2012,33,Louisiana,103,1997
2012,33,Louisiana,109,816
2012,33,Oklahoma,0,29623
2012,33,Oklahoma,17,857
2012,33,Oklahoma,27,1657
2012,33,Oklahoma,109,4959
2012,33,Texas,0,58512
2012,33,Texas,27,2726
2012,33,Texas,29,16684
2012,33,Texas,39,2845
2012,33,Texas,41,1961
2012,33,Texas,61,4002
2012,33,Texas,85,7591
2012,33,Texas,91,1013
2012,33,Texas,113,22481
2012,33,Texas,121,7087
2012,33,Texas,135,1214
2012,33,Texas,139,1615
2012,33,Texas,141,7762
2012,33,Texas,157,4393
2012,33,Texas,167,2840
2012,33,Texas,183,1160
2012,33,Texas,187,1408
2012,33,Texas,201,33772
2012,33,Texas,209,1515
2012,33,Texas,215,5853
2012,33,Texas,245,2722
2012,33,Texas,251,1535
2012,33,Texas,257,1220
2012,33,Texas,303,2795
2012,33,Texas,309,2691
2012,33,Texas,329,1165
2012,33,Texas,339,3355
2012,33,Texas,355,3328
2012,33,Texas,367,1331
2012,33,Texas,375,1488
2012,33,Texas,381,1312
2012,33,Texas,423,1989
2012,33,Texas,439,16659
2012,33,Texas,441,1573
2012,33,Texas,451,1085
2012,33,Texas,453,9837
2012,33,Texas,479,2911
2012,33,Texas,485,1573
2012,33,Texas,491,4152
2012,41,Arizona,0,12506
2012,41,Arizona,5,1794
2012,41,Arizona,13,37841
2012,41,Arizona,19,9908
2012,41,Arizona,25,1758
2012,41,Arizona,27,2138
2012,41,Colorado,0,48459
2012,41,Colorado,69,2863
2012,41,Idaho,0,14247
2012,41,Idaho,19,1046
2012,41,Montana,0,10154
2012,41,Nevada,0,3587
2012,41,Nevada,3,18875
2012,41,Nevada,31,4264
2012,41,New Mexico,0,14898
2012,41,New Mexico,13,1431
2012,41,New Mexico,43,1640
2012,41,New Mexico,49,1802
2012,41,Utah,0,7387
2012,41,Utah,11,2676
2012,41,Utah,35,8965
2012,41,Utah,49,5979
2012,41,Utah,53,1121
2012,41,Utah,57,2071
2012,41,Wyoming,0,5824
2012,42,Alaska,0,5641
2012,42,Alaska,20,1305
2012,42,California,0,14776
2012,42,California,1,15775
2012,42,California,7,2318
2012,42,California,13,9434
2012,42,California,17,1680
2012,42,California,19,8980
2012,42,California,23,1516
2012,42,California,25,1592
2012,42,California,29,7624
2012,42,California,31,1696
2012,42,California,37,101496
2012,42,California,39,1322
2012,42,California,41,2401
2012,42,California,47,2422
2012,42,California,55,1700
2012,42,California,59,28888
2012,42,California,61,3553
2012,42,California,65,21737
2012,42,California,67,14060
2012,42,California,71,17379
2012,42,California,73,28581
2012,42,California,75,7311
2012,42,California,77,6564
2012,42,California,79,2465
2012,42,California,81,7104
2012,42,California,83,4152
2012,42,California,85,18385
2012,42,California,87,2535
2012,42,California,89,2006
2012,42,California,95,4115
2012,42,California,97,4716
2012,42,California,99,4722
2012,42,California,107,4838
2012,42,California,111,8307
2012,42,California,113,1897
2012,42,Hawaii,0,2460
2012,42,Hawaii,1,1754
2012,42,Hawaii,3,9940
2012,42,Oregon,0,12250
2012,42,Oregon,5,3588
2012,42,Oregon,17,1069
2012,42,Oregon,19,1095
2012,42,Oregon,29,1746
2012,42,Oregon,39,3800
2012,42,Oregon,47,2988
2012,42,Oregon,51,7262
2012,42,Oregon,67,4969
2012,42,Washington,0,18071
2012,42,Washington,11,4545
2012,42,Washington,33,17987
2012,42,Washington,35,2620
2012,42,Washington,53,8229
2012,42,Washington,61,6927
2012,42,Washington,63,4562
2012,42,Washington,67,2207
2012,42,Washington,73,1743
2012,42,Washington,77,2410
2013,11,Connecticut,1,9570
2013,11,Connecticut,3,9319
2013,11,Connecticut,5,2222
2013,11,Connecticut,7,1620
2013,11,Connecticut,9,7858
2013,11,Connecticut,11,3059
2013,11,Connecticut,13,1500
2013,11,Connecticut,15,1234
2013,11,Maine,0,9664
2013,11,Maine,1,753
2013,11,Maine,11,978
2013,11,Maine,19,1587
2013,11,Massachusetts,0,59354
2013,11,Massachusetts,3,1918
2013,11,Massachusetts,25,7453
2013,11,New Hampshire,0,13547
2013,11,Rhode Island,0,1500
2013,11,Rhode Island,3,1710
2013,11,Rhode Island,7,5999
2013,11,Rhode Island,9,1409
2013,11,Vermont,0,6388
2013,12,New Jersey,0,6682
2013,12,New Jersey,3,8704
2013,12,New Jersey,5,5140
2013,12,New Jersey,7,5137
2013,12,New Jersey,13,7528
2013,12,New Jersey,15,3161
2013,12,New Jersey,17,5756
2013,12,New Jersey,19,1540
2013,12,New Jersey,21,3308
2013,12,New Jersey,23,8351
2013,12,New Jersey,25,6694
2013,12,New Jersey,27,5060
2013,12,New Jersey,29,5766
2013,12,New Jersey,31,4386
2013,12,New Jersey,35,3184
2013,12,New Jersey,37,1940
2013,12,New Jersey,39,4773
2013,12,New Jersey,41,1400
2013,12,New York,0,54530
2013,12,New York,1,2952
2013,12,New York,5,10538
2013,12,New York,13,2105
2013,12,New York,27,3285
2013,12,New York,29,8884
2013,12,New York,47,24597
2013,12,New York,55,7182
2013,12,New York,59,13884
2013,12,New York,61,9323
2013,12,New York,63,2179
2013,12,New York,71,3676
2013,12,New York,75,1624
2013,12,New York,81,21299
2013,12,New York,83,1734
2013,12,New York,85,4176
2013,12,New York,87,3266
2013,12,New York,89,1798
2013,12,New York,91,2263
2013,12,New York,93,1551
2013,12,New York,103,14252
2013,12,New York,109,1067
2013,12,Pennsylvania,0,51726
2013,12,Pennsylvania,3,11177
2013,12,Pennsylvania,11,3860
2013,12,Pennsylvania,17,5245
2013,12,Pennsylvania,19,2316
2013,12,Pennsylvania,21,2275
2013,12,Pennsylvania,27,1632
2013,12,Pennsylvania,29,4680
2013,12,Pennsylvania,43,2349
2013,12,Pennsylvania,45,4836
2013,12,Pennsylvania,49,2779
2013,12,Pennsylvania,51,1487
2013,12,Pennsylvania,71,3976
2013,12,Pennsylvania,75,1220
2013,12,Pennsylvania,85,1675
2013,12,Pennsylvania,89,997
2013,12,Pennsylvania,91,7220
2013,12,Pennsylvania,101,9515
2013,12,Pennsylvania,107,2097
2013,12,Pennsylvania,129,3564
2013,12,Pennsylvania,133,3756
2013,21,Illinois,0,34918
2013,21,Illinois,19,2108
2013,21,Illinois,31,43666
2013,21,Illinois,37,1046
2013,21,Illinois,43,9211
2013,21,Illinois,89,3806
2013,21,Illinois,91,1325
2013,21,Illinois,97,6756
2013,21,Illinois,99,1515
2013,21,Illinois,111,2733
2013,21,Illinois,113,1920
2013,21,Illinois,115,1347
2013,21,Illinois,119,2410
2013,21,Illinois,143,1967
2013,21,Illinois,161,1575
2013,21,Illinois,163,2188
2013,21,Illinois,167,2102
2013,21,Illinois,179,1504
2013,21,Illinois,197,5973
2013,21,Indiana,0,31291
2013,21,Indiana,3,3783
2013,21,Indiana,19,1007
2013,21,Indiana,35,1213
2013,21,Indiana,39,1619
2013,21,Indiana,63,1225
2013,21,Indiana,81,1134
2013,21,Indiana,89,4441
2013,21,Indiana,91,1329
2013,21,Indiana,95,1545
2013,21,Indiana,97,7698
2013,21,Indiana,105,1229
2013,21,Indiana,127,1520
2013,21,Indiana,141,2890
2013,21,Indiana,157,1642
2013,21,Indiana,163,1745
2013,21,Indiana,167,1052
2013,21,Michigan,0,41211
2013,21,Michigan,5,1257
2013,21,Michigan,21,1682
2013,21,Michigan,65,2487
2013,21,Michigan,75,1504
2013,21,Michigan,77,2111
2013,21,Michigan,81,4443
2013,21,Michigan,93,1858
2013,21,Michigan,99,6464
2013,21,Michigan,115,1333
2013,21,Michigan,121,1677
2013,21,Michigan,125,10611
2013,21,Michigan,139,2148
2013,21,Michigan,145,1945
2013,21,Michigan,147,1654
2013,21,Michigan,161,3211
2013,21,Michigan,163,13845
2013,21,Ohio,0,50562
2013,21,Ohio,3,1243
2013,21,Ohio,7,1147
2013,21,Ohio,17,3295
2013,21,Ohio,23,1622
2013,21,Ohio,29,1050
2013,21,Ohio,35,13314
2013,21,Ohio,41,1748
2013,21,Ohio,45,1483
2013,21,Ohio,49,10306
2013,21,Ohio,57,1604
2013,21,Ohio,61,7523
2013,21,Ohio,89,1613
2013,21,Ohio,93,2987
2013,21,Ohio,103,1847
2013,21,Ohio,109,963
2013,21,Ohio,113,5043
2013,21,Ohio,133,1505
2013,21,Ohio,139,1178
2013,21,Ohio,153,5037
2013,21,Ohio,165,1671
2013,21,Ohio,169,1482
2013,21,Wisconsin,0,33474
2013,21,Wisconsin,9,1678
2013,21,Wisconsin,25,3545
2013,21,Wisconsin,59,977
2013,21,Wisconsin,63,915
2013,21,Wisconsin,73,1615
2013,21,Wisconsin,79,6241
2013,21,Wisconsin,87,1434
2013,21,Wisconsin,101,1197
2013,21,Wisconsin,105,1260
2013,21,Wisconsin,117,1146
2013,21,Wisconsin,127,971
2013,21,Wisconsin,133,2767
2013,21,Wisconsin,139,1336
2013,22,Iowa,0,26945
2013,22,Iowa,13,1062
2013,22,Iowa,103,949
2013,22,Iowa,113,1506
2013,22,Iowa,163,1355
2013,22,Kansas,0,22733
2013,22,Kansas,45,735
2013,22,Kansas,91,4532
2013,22,Kansas,209,1369
2013,22,Minnesota,0,34175
2013,22,Minnesota,3,2165
2013,22,Minnesota,37,2688
2013,22,Minnesota,53,7205
2013,22,Minnesota,109,1191
2013,22,Minnesota,123,3174
2013,22,Minnesota,145,1727
2013,22,Minnesota,163,1662
2013,22,Minnesota,171,1001
2013,22,Missouri,0,36973
2013,22,Missouri,19,1283
2013,22,Missouri,71,843
2013,22,Missouri,95,5948
2013,22,Missouri,99,1804
2013,22,Missouri,183,3388
2013,22,Missouri,189,8657
2013,22,Missouri,510,2803
2013,22,Nebraska,0,11317
2013,22,Nebraska,55,4030
2013,22,Nebraska,109,2234
2013,22,Nebraska,153,1254
2013,22,North Dakota,0,6335
2013,22,North Dakota,17,1100
2013,22,South Dakota,0,8740
2013,31,Delaware,1,1562
2013,31,Delaware,3,4825
2013,31,Delaware,5,2380
2013,31,District of Columbia,1,6572
2013,31,Florida,0,49972
2013,31,Florida,1,2637
2013,31,Florida,9,5233
2013,31,Florida,11,16704
2013,31,Florida,15,1680
2013,31,Florida,17,1288
2013,31,Florida,19,1577
2013,31,Florida,21,3054
2013,31,Florida,31,8092
2013,31,Florida,33,2960
2013,31,Florida,53,2002
2013,31,Florida,57,14001
2013,31,Florida,61,1340
2013,31,Florida,71,6854
2013,31,Florida,73,2977
2013,31,Florida,81,3445
2013,31,Florida,83,2816
2013,31,Florida,85,1468
2013,31,Florida,91,2111
2013,31,Florida,95,10012
2013,31,Florida,97,2037
2013,31,Florida,99,14831
2013,31,Florida,101,5832
2013,31,Florida,103,10203
2013,31,Florida,105,6556
2013,31,Florida,111,1986
2013,31,Florida,113,1519
2013,31,Florida,115,3996
2013,31,Florida,117,3851
2013,31,Georgia,0,56928
2013,31,Georgia,15,801
2013,31,Georgia,21,1654
2013,31,Georgia,45,947
2013,31,Georgia,51,2980
2013,31,Georgia,57,1606
2013,31,Georgia,59,1222
2013,31,Georgia,63,2128
2013,31,Georgia,67,6355
2013,31,Georgia,73,1051
2013,31,Georgia,77,1338
2013,31,Georgia,97,1031
2013,31,Georgia,113,1086
2013,31,Georgia,117,2573
2013,31,Georgia,135,6397
2013,31,Georgia,139,1820
2013,31,Georgia,151,1476
2013,31,Georgia,185,1247
2013,31,Georgia,223,1084
2013,31,Georgia,245,1884
2013,31,Georgia,313,960
2013,31,Maryland,0,7055
2013,31,Maryland,3,4831
2013,31,Maryland,5,8074
2013,31,Maryland,13,1881
2013,31,Maryland,15,862
2013,31,Maryland,17,1427
2013,31,Maryland,21,2870
2013,31,Maryland,25,2445
2013,31,Maryland,27,2727
2013,31,Maryland,31,10359
2013,31,Maryland,33,8968
2013,31,Maryland,43,1627
2013,31,Maryland,510,5907
2013,31,North Carolina,0,43838
2013,31,North Carolina,1,1744
2013,31,North Carolina,19,1385
2013,31,North Carolina,21,2249
2013,31,North Carolina,35,1346
2013,31,North Carolina,49,952
2013,31,North Carolina,51,3464
2013,31,North Carolina,57,1485
2013,31,North Carolina,63,2277
2013,31,North Carolina,67,3647
2013,31,North Carolina,71,2529
2013,31,North Carolina,81,4957
2013,31,North Carolina,85,1864
2013,31,North Carolina,101,1355
2013,31,North Carolina,119,9212
2013,31,North Carolina,135,1521
2013,31,North Carolina,147,1402
2013,31,North Carolina,151,1269
2013,31,North Carolina,159,1241
2013,31,North Carolina,183,8471
2013,31,North Carolina,191,1102
2013,31,South Carolina,0,37438
2013,31,South Carolina,7,1793
2013,31,South Carolina,51,2792
2013,31,South Carolina,83,2879
2013,31,South Carolina,91,2303
2013,31,Virginia,0,58712
2013,31,Virginia,13,2065
2013,31,Virginia,41,3026
2013,31,Virginia,87,2692
2013,31,Virginia,107,3719
2013,31,Virginia,510,1411
2013,31,Virginia,550,1986
2013,31,Virginia,650,1143
2013,31,Virginia,700,1592
2013,31,Virginia,760,2236
2013,31,Virginia,810,4462
2013,31,West Virginia,0,18268
2013,32,Alabama,0,32209
2013,32,Alabama,3,1323
2013,32,Alabama,15,984
2013,32,Alabama,55,1045
2013,32,Alabama,73,5734
2013,32,Alabama,81,1111
2013,32,Alabama,97,3537
2013,32,Alabama,117,1893
2013,32,Kentucky,0,30297
2013,32,Kentucky,15,947
2013,32,Kentucky,67,3008
2013,32,Kentucky,111,8248
2013,32,Kentucky,117,1496
2013,32,Kentucky,227,1001
2013,32,Mississippi,0,25302
2013,32,Mississippi,33,1557
2013,32,Mississippi,47,1674
2013,32,Mississippi,59,1115
2013,32,Tennessee,0,38079
2013,32,Tennessee,9,1240
2013,32,Tennessee,37,6169
2013,32,Tennessee,65,3416
2013,32,Tennessee,149,2391
2013,32,Tennessee,157,8056
2013,32,Tennessee,165,1795
2013,32,Tennessee,179,1001
2013,32,Tennessee,187,1939
2013,32,Tennessee,189,1062
2013,33,Arkansas,0,21786
2013,33,Arkansas,7,2380
2013,33,Arkansas,119,2895
2013,33,Arkansas,125,868
2013,33,Arkansas,143,1662
2013,33,Louisiana,0,27214
2013,33,Louisiana,5,777
2013,33,Louisiana,17,2236
2013,33,Louisiana,33,3327
2013,33,Louisiana,55,1786
2013,33,Louisiana,71,4910
2013,33,Louisiana,73,1504
2013,33,Louisiana,103,2025
2013,33,Louisiana,109,848
2013,33,Oklahoma,0,29598
2013,33,Oklahoma,17,863
2013,33,Oklahoma,27,1701
2013,33,Oklahoma,109,4984
2013,33,Texas,0,57561
2013,33,Texas,27,2831
2013,33,Texas,29,16769
2013,33,Texas,39,2932
2013,33,Texas,41,1944
2013,33,Texas,61,3790
2013,33,Texas,85,8463
2013,33,Texas,91,1127
2013,33,Texas,113,23117
2013,33,Texas,121,7820
2013,33,Texas,135,1275
2013,33,Texas,139,1713
2013,33,Texas,141,7625
2013,33,Texas,157,4713
2013,33,Texas,167,2792
2013,33,Texas,183,1111
2013,33,Texas,187,1539
2013,33,Texas,201,34541
2013,33,Texas,209,1639
2013,33,Texas,215,5921
2013,33,Texas,245,2653
2013,33,Texas,251,1572
2013,33,Texas,257,1176
2013,33,Texas,303,2938
2013,33,Texas,309,2603
2013,33,Texas,329,1157
2013,33,Texas,339,3425
2013,33,Texas,355,3406
2013,33,Texas,367,1301
2013,33,Texas,375,1442
2013,33,Texas,381,1523
2013,33,Texas,423,1971
2013,33,Texas,439,16998
2013,33,Texas,441,1558
2013,33,Texas,451,1114
2013,33,Texas,453,10233
2013,33,Texas,479,2972
2013,33,Texas,485,1588
2013,33,Texas,491,4746
2013,41,Arizona,0,11961
2013,41,Arizona,5,1793
2013,41,Arizona,13,38733
2013,41,Arizona,19,10141
2013,41,Arizona,25,1753
2013,41,Arizona,27,2151
2013,41,Colorado,0,49089
2013,41,Colorado,69,3018
2013,41,Idaho,0,14696
2013,41,Idaho,19,1090
2013,41,Montana,0,10113
2013,41,Nevada,0,3429
2013,41,Nevada,3,19087
2013,41,Nevada,31,4232
2013,41,New Mexico,0,14696
2013,41,New Mexico,13,1476
2013,41,New Mexico,43,1582
2013,41,New Mexico,49,1960
2013,41,Utah,0,7455
2013,41,Utah,11,2664
2013,41,Utah,35,9205
2013,41,Utah,49,6368
2013,41,Utah,53,1103
2013,41,Utah,57,2172
2013,41,Wyoming,0,5828
2013,42,Alaska,0,5441
2013,42,Alaska,20,1307
2013,42,California,0,13948
2013,42,California,1,16407
2013,42,California,7,2398
2013,42,California,13,9888
2013,42,California,17,1546
2013,42,California,19,9135
2013,42,California,23,1492
2013,42,California,25,1610
2013,42,California,29,7499
2013,42,California,31,1590
2013,42,California,37,102090
2013,42,California,39,1311
2013,42,California,41,2446
2013,42,California,47,2408
2013,42,California,55,1699
2013,42,California,59,29048
2013,42,California,61,3643
2013,42,California,65,22034
2013,42,California,67,14075
2013,42,California,71,17622
2013,42,California,73,29157
2013,42,California,75,7629
2013,42,California,77,6684
2013,42,California,79,2493
2013,42,California,81,7438
2013,42,California,83,4107
2013,42,California,85,19169
2013,42,California,87,2478
2013,42,California,89,2008
2013,42,California,95,4202
2013,42,California,97,4722
2013,42,California,99,4620
2013,42,California,107,4437
2013,42,California,111,8439
2013,42,California,113,1931
2013,42,Hawaii,0,2343
2013,42,Hawaii,1,1677
2013,42,Hawaii,3,10266
2013,42,Oregon,0,12383
2013,42,Oregon,5,3806
2013,42,Oregon,17,1102
2013,42,Oregon,19,1050
2013,42,Oregon,29,1782
2013,42,Oregon,39,3691
2013,42,Oregon,47,2971
2013,42,Oregon,51,7408
2013,42,Oregon,67,5149
2013,42,Washington,0,17363
2013,42,Washington,11,4505
2013,42,Washington,33,18779
2013,42,Washington,35,2763
2013,42,Washington,53,8427
2013,42,Washington,61,6860
2013,42,Washington,63,4572
2013,42,Washington,67,2281
2013,42,Washington,73,1701
2013,42,Washington,77,2342
2015,11,Connecticut,1,9407
2015,11,Connecticut,3,9191
2015,11,Connecticut,5,2125
2015,11,Connecticut,7,1622
2015,11,Connecticut,9,7682
2015,11,Connecticut,11,3032
2015,11,Connecticut,13,1535
2015,11,Connecticut,15,1193
2015,11,Maine,0,9688
2015,11,Maine,1,838
2015,11,Maine,11,957
2015,11,Maine,19,1576
2015,11,Massachusetts,0,59211
2015,11,Massachusetts,3,1949
2015,11,Massachusetts,25,7625
2015,11,New Hampshire,0,13378
2015,11,Rhode Island,0,1527
2015,11,Rhode Island,3,1653
2015,11,Rhode Island,7,5982
2015,11,Rhode Island,9,1401
2015,11,Vermont,0,6326
2015,12,New Jersey,0,6713
2015,12,New Jersey,3,8823
2015,12,New Jersey,5,5006
2015,12,New Jersey,7,5078
2015,12,New Jersey,13,7279
2015,12,New Jersey,15,3006
2015,12,New Jersey,17,6123
2015,12,New Jersey,19,1507
2015,12,New Jersey,21,3185
2015,12,New Jersey,23,8330
2015,12,New Jersey,25,6488
2015,12,New Jersey,27,4933
2015,12,New Jersey,29,5938
2015,12,New Jersey,31,4131
2015,12,New Jersey,35,3095
2015,12,New Jersey,37,1862
2015,12,New Jersey,39,4948
2015,12,New Jersey,41,1370
2015,12,New York,0,53807
2015,12,New York,1,2858
2015,12,New York,5,10933
2015,12,New York,13,1911
2015,12,New York,27,3066
2015,12,New York,29,8788
2015,12,New York,47,25233
2015,12,New York,55,7107
2015,12,New York,59,13615
2015,12,New York,61,9278
2015,12,New York,63,2127
2015,12,New York,71,3548
2015,12,New York,75,1599
2015,12,New York,81,22463
2015,12,New York,83,1690
2015,12,New York,85,4207
2015,12,New York,87,3258
2015,12,New York,89,1842
2015,12,New York,91,2295
2015,12,New York,93,1472
2015,12,New York,103,13540
2015,12,New York,109,1105
2015,12,Pennsylvania,0,51791
2015,12,Pennsylvania,3,10853
2015,12,Pennsylvania,11,3709
2015,12,Pennsylvania,17,5310
2015,12,Pennsylvania,19,2230
2015,12,Pennsylvania,21,2267
2015,12,Pennsylvania,27,1667
2015,12,Pennsylvania,29,4528
2015,12,Pennsylvania,43,2401
2015,12,Pennsylvania,45,4796
2015,12,Pennsylvania,49,2820
2015,12,Pennsylvania,51,1490
2015,12,Pennsylvania,71,4073
2015,12,Pennsylvania,75,1204
2015,12,Pennsylvania,85,1729
2015,12,Pennsylvania,89,878
2015,12,Pennsylvania,91,7361
2015,12,Pennsylvania,101,9746
2015,12,Pennsylvania,107,2031
2015,12,Pennsylvania,129,3494
2015,12,Pennsylvania,133,3767
2015,21,Illinois,0,34750
2015,21,Illinois,19,2053
2015,21,Illinois,31,42872
2015,21,Illinois,37,1044
2015,21,Illinois,43,9139
2015,21,Illinois,89,3716
2015,21,Illinois,91,1245
2015,21,Illinois,97,6776
2015,21,Illinois,99,1562
2015,21,Illinois,111,2752
2015,21,Illinois,113,1922
2015,21,Illinois,115,1269
2015,21,Illinois,119,2413
2015,21,Illinois,143,1916
2015,21,Illinois,161,1470
2015,21,Illinois,163,2038
2015,21,Illinois,167,2219
2015,21,Illinois,179,1512
2015,21,Illinois,197,5974
2015,21,Indiana,0,31523
2015,21,Indiana,3,3596
2015,21,Indiana,19,1019
2015,21,Indiana,35,1240
2015,21,Indiana,39,1567
2015,21,Indiana,63,1140
2015,21,Indiana,81,1060
2015,21,Indiana,89,4278
2015,21,Indiana,91,1304
2015,21,Indiana,95,1534
2015,21,Indiana,97,7483
2015,21,Indiana,105,1306
2015,21,Indiana,127,1507
2015,21,Indiana,141,2969
2015,21,Indiana,157,1692
2015,21,Indiana,163,1749
2015,21,Indiana,167,1078
2015,21,Michigan,0,40836
2015,21,Michigan,5,1195
2015,21,Michigan,21,1668
2015,21,Michigan,65,2484
2015,21,Michigan,75,1456
2015,21,Michigan,77,2066
2015,21,Michigan,81,4475
2015,21,Michigan,93,1944
2015,21,Michigan,99,6449
2015,21,Michigan,115,1288
2015,21,Michigan,121,1580
2015,21,Michigan,125,10192
2015,21,Michigan,139,2231
2015,21,Michigan,145,1895
2015,21,Michigan,147,1598
2015,21,Michigan,161,3149
2015,21,Michigan,163,13502
2015,21,Ohio,0,50759
2015,21,Ohio,3,1205
2015,21,Ohio,7,1031
2015,21,Ohio,17,3140
2015,21,Ohio,23,1630
2015,21,Ohio,29,1102
2015,21,Ohio,35,13301
2015,21,Ohio,41,1805
2015,21,Ohio,45,1474
2015,21,Ohio,49,10387
2015,21,Ohio,57,1625
2015,21,Ohio,61,7508
2015,21,Ohio,89,1611
2015,21,Ohio,93,2955
2015,21,Ohio,103,1730
2015,21,Ohio,109,961
2015,21,Ohio,113,5100
2015,21,Ohio,133,1523
2015,21,Ohio,139,1179
2015,21,Ohio,153,4882
2015,21,Ohio,165,1765
2015,21,Ohio,169,1450
2015,21,Wisconsin,0,33495
2015,21,Wisconsin,9,1654
2015,21,Wisconsin,25,3582
2015,21,Wisconsin,59,976
2015,21,Wisconsin,63,957
2015,21,Wisconsin,73,1558
2015,21,Wisconsin,79,6144
2015,21,Wisconsin,87,1425
2015,21,Wisconsin,101,1256
2015,21,Wisconsin,105,1277
2015,21,Wisconsin,117,1122
2015,21,Wisconsin,127,954
2015,21,Wisconsin,133,2830
2015,21,Wisconsin,139,1348
2015,22,Iowa,0,27075
2015,22,Iowa,13,1064
2015,22,Iowa,103,892
2015,22,Iowa,113,1564
2015,22,Iowa,163,1305
2015,22,Kansas,0,22037
2015,22,Kansas,45,779
2015,22,Kansas,91,4554
2015,22,Kansas,209,1404
2015,22,Minnesota,0,33979
2015,22,Minnesota,3,2244
2015,22,Minnesota,37,2654
2015,22,Minnesota,53,7181
2015,22,Minnesota,109,1197
2015,22,Minnesota,123,3247
2015,22,Minnesota,145,1670
2015,22,Minnesota,163,1603
2015,22,Minnesota,171,1036
2015,22,Missouri,0,36787
2015,22,Missouri,19,1263
2015,22,Missouri,71,894
2015,22,Missouri,95,5973
2015,22,Missouri,99,1920
2015,22,Missouri,183,3530
2015,22,Missouri,189,8500
2015,22,Missouri,510,2719
2015,22,Nebraska,0,11339
2015,22,Nebraska,55,4159
2015,22,Nebraska,109,2231
2015,22,Nebraska,153,1360
2015,22,North Dakota,0,6720
2015,22,North Dakota,17,1149
2015,22,South Dakota,0,8742
2015,31,Delaware,1,1576
2015,31,Delaware,3,5004
2015,31,Delaware,5,2437
2015,31,District of Columbia,1,6610
2015,31,Florida,0,50419
2015,31,Florida,1,2712
2015,31,Florida,9,5265
2015,31,Florida,11,16750
2015,31,Florida,15,1654
2015,31,Florida,17,1274
2015,31,Florida,19,1531
2015,31,Florida,21,3314
2015,31,Florida,31,8265
2015,31,Florida,33,3087
2015,31,Florida,53,1916
2015,31,Florida,57,14267
2015,31,Florida,61,1237
2015,31,Florida,71,7121
2015,31,Florida,73,2952
2015,31,Florida,81,3541
2015,31,Florida,83,2648
2015,31,Florida,85,1546
2015,31,Florida,91,2081
2015,31,Florida,95,10610
2015,31,Florida,97,2160
2015,31,Florida,99,15273
2015,31,Florida,101,5840
2015,31,Florida,103,10410
2015,31,Florida,105,6936
2015,31,Florida,111,1992
2015,31,Florida,113,1496
2015,31,Florida,115,4091
2015,31,Florida,117,4160
2015,31,Georgia,0,57133
2015,31,Georgia,15,857
2015,31,Georgia,21,1606
2015,31,Georgia,45,1026
2015,31,Georgia,51,2910
2015,31,Georgia,57,1719
2015,31,Georgia,59,1264
2015,31,Georgia,63,2346
2015,31,Georgia,67,6639
2015,31,Georgia,73,1088
2015,31,Georgia,77,1249
2015,31,Georgia,97,1076
2015,31,Georgia,113,1127
2015,31,Georgia,117,2689
2015,31,Georgia,135,6720
2015,31,Georgia,139,2009
2015,31,Georgia,151,1435
2015,31,Georgia,185,1109
2015,31,Georgia,223,1061
2015,31,Georgia,245,1891
2015,31,Georgia,313,900
2015,31,Maryland,0,7303
2015,31,Maryland,3,4739
2015,31,Maryland,5,8262
2015,31,Maryland,13,1920
2015,31,Maryland,15,917
2015,31,Maryland,17,1422
2015,31,Maryland,21,2889
2015,31,Maryland,25,2469
2015,31,Maryland,27,2797
2015,31,Maryland,31,10286
2015,31,Maryland,33,8829
2015,31,Maryland,43,1524
2015,31,Maryland,510,5975
2015,31,North Carolina,0,43947
2015,31,North Carolina,1,1855
2015,31,North Carolina,19,1279
2015,31,North Carolina,21,2249
2015,31,North Carolina,35,1381
2015,31,North Carolina,49,970
2015,31,North Carolina,51,3377
2015,31,North Carolina,57,1506
2015,31,North Carolina,63,2406
2015,31,North Carolina,67,3705
2015,31,North Carolina,71,2434
2015,31,North Carolina,81,4861
2015,31,North Carolina,85,1875
2015,31,North Carolina,101,1285
2015,31,North Carolina,119,9501
2015,31,North Carolina,135,1508
2015,31,North Carolina,147,1409
2015,31,North Carolina,151,1278
2015,31,North Carolina,159,1324
2015,31,North Carolina,183,9005
2015,31,North Carolina,191,1029
2015,31,South Carolina,0,37843
2015,31,South Carolina,7,1738
2015,31,South Carolina,51,3015
2015,31,South Carolina,83,2968
2015,31,South Carolina,91,2459
2015,31,Virginia,0,58862
2015,31,Virginia,13,2130
2015,31,Virginia,41,3184
2015,31,Virginia,87,2798
2015,31,Virginia,107,3572
2015,31,Virginia,510,1453
2015,31,Virginia,550,2008
2015,31,Virginia,650,1143
2015,31,Virginia,700,1577
2015,31,Virginia,760,2278
2015,31,Virginia,810,4467
2015,31,West Virginia,0,18051
2015,32,Alabama,0,31914
2015,32,Alabama,3,1373
2015,32,Alabama,15,1008
2015,32,Alabama,55,1010
2015,32,Alabama,73,5538
2015,32,Alabama,81,1190
2015,32,Alabama,97,3511
2015,32,Alabama,117,1932
2015,32,Kentucky,0,29967
2015,32,Kentucky,15,912
2015,32,Kentucky,67,3019
2015,32,Kentucky,111,8256
2015,32,Kentucky,117,1566
2015,32,Kentucky,227,1029
2015,32,Mississippi,0,25103
2015,32,Mississippi,33,1621
2015,32,Mississippi,47,1767
2015,32,Mississippi,59,1109
2015,32,Tennessee,0,38469
2015,32,Tennessee,9,1202
2015,32,Tennessee,37,6240
2015,32,Tennessee,65,3303
2015,32,Tennessee,149,2428
2015,32,Tennessee,157,7802
2015,32,Tennessee,165,1873
2015,32,Tennessee,179,1049
2015,32,Tennessee,187,2145
2015,32,Tennessee,189,1038
2015,33,Arkansas,0,21582
2015,33,Arkansas,7,2391
2015,33,Arkansas,119,2956
2015,33,Arkansas,125,927
2015,33,Arkansas,143,1749
2015,33,Louisiana,0,26944
2015,33,Louisiana,5,788
2015,33,Louisiana,17,2118
2015,33,Louisiana,33,3291
2015,33,Louisiana,55,1763
2015,33,Louisiana,71,4750
2015,33,Louisiana,73,1423
2015,33,Louisiana,103,2049
2015,33,Louisiana,109,766
2015,33,Oklahoma,0,29574
2015,33,Oklahoma,17,880
2015,33,Oklahoma,27,1647
2015,33,Oklahoma,109,5150
2015,33,Texas,0,58355
2015,33,Texas,27,3073
2015,33,Texas,29,17046
2015,33,Texas,39,2777
2015,33,Texas,41,2036
2015,33,Texas,61,3994
2015,33,Texas,85,8988
2015,33,Texas,91,1126
2015,33,Texas,113,24020
2015,33,Texas,121,8251
2015,33,Texas,135,1290
2015,33,Texas,139,1695
2015,33,Texas,141,7252
2015,33,Texas,157,4833
2015,33,Texas,167,2779
2015,33,Texas,183,1154
2015,33,Texas,187,1590
2015,33,Texas,201,35938
2015,33,Texas,209,1628
2015,33,Texas,215,5914
2015,33,Texas,245,2649
2015,33,Texas,251,1659
2015,33,Texas,257,1195
2015,33,Texas,303,2923
2015,33,Texas,309,2639
2015,33,Texas,329,1244
2015,33,Texas,339,3364
2015,33,Texas,355,3309
2015,33,Texas,367,1373
2015,33,Texas,375,1312
2015,33,Texas,381,1467
2015,33,Texas,423,2058
2015,33,Texas,439,17903
2015,33,Texas,441,1548
2015,33,Texas,451,1115
2015,33,Texas,453,10825
2015,33,Texas,479,2705
2015,33,Texas,485,1528
2015,33,Texas,491,4669
2015,41,Arizona,0,11919
2015,41,Arizona,5,1814
2015,41,Arizona,13,39576
2015,41,Arizona,19,9987
2015,41,Arizona,25,1794
2015,41,Arizona,27,1924
2015,41,Colorado,0,50505
2015,41,Colorado,69,3065
2015,41,Idaho,0,14626
2015,41,Idaho,19,1099
2015,41,Montana,0,9841
2015,41,Nevada,0,3420
2015,41,Nevada,3,19343
2015,41,Nevada,31,4225
2015,41,New Mexico,0,14211
2015,41,New Mexico,13,1433
2015,41,New Mexico,43,1473
2015,41,New Mexico,49,1955
2015,41,Utah,0,7611
2015,41,Utah,11,2698
2015,41,Utah,35,9000
2015,41,Utah,49,6773
2015,41,Utah,53,1158
2015,41,Utah,57,2050
2015,41,Wyoming,0,5819
2015,42,Alaska,0,5248
2015,42,Alaska,20,1371
2015,42,California,0,14471
2015,42,California,1,16976
2015,42,California,7,2335
2015,42,California,13,9992
2015,42,California,17,1670
2015,42,California,19,9048
2015,42,California,23,1533
2015,42,California,25,1527
2015,42,California,29,7065
2015,42,California,31,1549
2015,42,California,37,102395
2015,42,California,39,1309
2015,42,California,41,2488
2015,42,California,47,2346
2015,42,California,55,1796
2015,42,California,59,29225
2015,42,California,61,3788
2015,42,California,65,22376
2015,42,California,67,14555
2015,42,California,71,18032
2015,42,California,73,29148
2015,42,California,75,7796
2015,42,California,77,6796
2015,42,California,79,2456
2015,42,California,81,7666
2015,42,California,83,4237
2015,42,California,85,19222
2015,42,California,87,2534
2015,42,California,89,2103
2015,42,California,95,4194
2015,42,California,97,4891
2015,42,California,99,4772
2015,42,California,107,4457
2015,42,California,111,8226
2015,42,California,113,1969
2015,42,Hawaii,0,2383
2015,42,Hawaii,1,1711
2015,42,Hawaii,3,10030
2015,42,Oregon,0,12235
2015,42,Oregon,5,3762
2015,42,Oregon,17,1227
2015,42,Oregon,19,1064
2015,42,Oregon,29,1873
2015,42,Oregon,39,3903
2015,42,Oregon,47,3043
2015,42,Oregon,51,7546
2015,42,Oregon,67,5339
2015,42,Washington,0,17854
2015,42,Washington,11,4668
2015,42,Washington,33,19159
2015,42,Washington,35,2864
2015,42,Washington,53,8786
2015,42,Washington,61,7160
2015,42,Washington,63,4666
2015,42,Washington,67,2398
2015,42,Washington,73,1823
2015,42,Washington,77,2426
2017,11,Connecticut,1,9513
2017,11,Connecticut,3,9057
2017,11,Connecticut,5,2197
2017,11,Connecticut,7,1636
2017,11,Connecticut,9,7730
2017,11,Connecticut,11,3033
2017,11,Connecticut,13,1565
2017,11,Connecticut,15,1247
2017,11,Maine,0,9213
2017,11,Maine,1,820
2017,11,Maine,11,986
2017,11,Maine,19,1564
2017,11,Massachusetts,0,60150
2017,11,Massachusetts,3,1834
2017,11,Massachusetts,25,7651
2017,11,New Hampshire,0,13708
2017,11,Rhode Island,0,1476
2017,11,Rhode Island,3,1720
2017,11,Rhode Island,7,5975
2017,11,Rhode Island,9,1345
2017,11,Vermont,0,6340
2017,12,New Jersey,0,6496
2017,12,New Jersey,3,8762
2017,12,New Jersey,5,5221
2017,12,New Jersey,7,4877
2017,12,New Jersey,13,7233
2017,12,New Jersey,15,3009
2017,12,New Jersey,17,6073
2017,12,New Jersey,19,1608
2017,12,New Jersey,21,3210
2017,12,New Jersey,23,8526
2017,12,New Jersey,25,6754
2017,12,New Jersey,27,5090
2017,12,New Jersey,29,5814
2017,12,New Jersey,31,4328
2017,12,New Jersey,35,3205
2017,12,New Jersey,37,1687
2017,12,New Jersey,39,4889
2017,12,New Jersey,41,1332
2017,12,New York,0,54346
2017,12,New York,1,2953
2017,12,New York,5,10577
2017,12,New York,13,2039
2017,12,New York,27,3162
2017,12,New York,29,8948
2017,12,New York,47,24764
2017,12,New York,55,7353
2017,12,New York,59,13823
2017,12,New York,61,9792
2017,12,New York,63,2214
2017,12,New York,71,3560
2017,12,New York,75,1670
2017,12,New York,81,21841
2017,12,New York,83,1694
2017,12,New York,85,4097
2017,12,New York,87,3140
2017,12,New York,89,1819
2017,12,New York,91,2448
2017,12,New York,93,1407
2017,12,New York,103,13833
2017,12,New York,109,1105
2017,12,Pennsylvania,0,50462
2017,12,Pennsylvania,3,10936
2017,12,Pennsylvania,11,3887
2017,12,Pennsylvania,17,5320
2017,12,Pennsylvania,19,2361
2017,12,Pennsylvania,21,2279
2017,12,Pennsylvania,27,1685
2017,12,Pennsylvania,29,4693
2017,12,Pennsylvania,43,2435
2017,12,Pennsylvania,45,4736
2017,12,Pennsylvania,49,2698
2017,12,Pennsylvania,51,1438
2017,12,Pennsylvania,71,4222
2017,12,Pennsylvania,75,1247
2017,12,Pennsylvania,85,1678
2017,12,Pennsylvania,89,991
2017,12,Pennsylvania,91,7461
2017,12,Pennsylvania,101,9363
2017,12,Pennsylvania,107,1984
2017,12,Pennsylvania,129,3617
2017,12,Pennsylvania,133,3940
2017,21,Illinois,0,34403
2017,21,Illinois,19,2107
2017,21,Illinois,31,42388
2017,21,Illinois,37,1080
2017,21,Illinois,43,9215
2017,21,Illinois,89,3939
2017,21,Illinois,91,1379
2017,21,Illinois,97,6737
2017,21,Illinois,99,1530
2017,21,Illinois,111,2727
2017,21,Illinois,113,1966
2017,21,Illinois,115,1236
2017,21,Illinois,119,2426
2017,21,Illinois,143,1866
2017,21,Illinois,161,1539
2017,21,Illinois,163,1978
2017,21,Illinois,167,2208
2017,21,Illinois,179,1520
2017,21,Illinois,197,6238
2017,21,Indiana,0,32012
2017,21,Indiana,3,3673
2017,21,Indiana,19,1071
2017,21,Indiana,35,1140
2017,21,Indiana,39,1833
2017,21,Indiana,63,1275
2017,21,Indiana,81,1063
2017,21,Indiana,89,4099
2017,21,Indiana,91,1227
2017,21,Indiana,95,1603
2017,21,Indiana,97,7569
2017,21,Indiana,105,1299
2017,21,Indiana,127,1606
2017,21,Indiana,141,2904
2017,21,Indiana,157,1844
2017,21,Indiana,163,1704
2017,21,Indiana,167,1082
2017,21,Michigan,0,40833
2017,21,Michigan,5,1245
2017,21,Michigan,21,1725
2017,21,Michigan,65,2470
2017,21,Michigan,75,1473
2017,21,Michigan,77,2179
2017,21,Michigan,81,4632
2017,21,Michigan,93,1978
2017,21,Michigan,99,6529
2017,21,Michigan,115,1314
2017,21,Michigan,121,1609
2017,21,Michigan,125,10697
2017,21,Michigan,139,2315
2017,21,Michigan,145,1954
2017,21,Michigan,147,1747
2017,21,Michigan,161,3223
2017,21,Michigan,163,13536
2017,21,Ohio,0,50462
2017,21,Ohio,3,1246
2017,21,Ohio,7,1097
2017,21,Ohio,17,3354
2017,21,Ohio,23,1583
2017,21,Ohio,29,1009
2017,21,Ohio,35,13247
2017,21,Ohio,41,1905
2017,21,Ohio,45,1533
2017,21,Ohio,49,10730
2017,21,Ohio,57,1626
2017,21,Ohio,61,7565
2017,21,Ohio,89,1560
2017,21,Ohio,93,2953
2017,21,Ohio,103,1832
2017,21,Ohio,109,1017
2017,21,Ohio,113,5030
2017,21,Ohio,133,1570
2017,21,Ohio,139,1189
2017,21,Ohio,153,5032
2017,21,Ohio,165,1882
2017,21,Ohio,169,1420
2017,21,Wisconsin,0,33622
2017,21,Wisconsin,9,1696
2017,21,Wisconsin,25,3736
2017,21,Wisconsin,59,994
2017,21,Wisconsin,63,877
2017,21,Wisconsin,73,1647
2017,21,Wisconsin,79,6070
2017,21,Wisconsin,87,1523
2017,21,Wisconsin,101,1232
2017,21,Wisconsin,105,1276
2017,21,Wisconsin,117,1151
2017,21,Wisconsin,127,991
2017,21,Wisconsin,133,2891
2017,21,Wisconsin,139,1353
2017,22,Iowa,0,27470
2017,22,Iowa,13,1085
2017,22,Iowa,103,982
2017,22,Iowa,113,1567
2017,22,Iowa,163,1352
2017,22,Kansas,0,22353
2017,22,Kansas,45,792
2017,22,Kansas,91,4850
2017,22,Kansas,209,1379
2017,22,Minnesota,0,32272
2017,22,Minnesota,3,2356
2017,22,Minnesota,37,2920
2017,22,Minnesota,53,8017
2017,22,Minnesota,109,1344
2017,22,Minnesota,123,3543
2017,22,Minnesota,145,1823
2017,22,Minnesota,163,1757
2017,22,Minnesota,171,1129
2017,22,Missouri,0,36831
2017,22,Missouri,19,1359
2017,22,Missouri,71,902
2017,22,Missouri,95,6209
2017,22,Missouri,99,1859
2017,22,Missouri,183,3614
2017,22,Missouri,189,8636
2017,22,Missouri,510,2663
2017,22,Nebraska,0,11378
2017,22,Nebraska,55,4387
2017,22,Nebraska,109,2406
2017,22,Nebraska,153,1374
2017,22,North Dakota,0,6648
2017,22,North Dakota,17,1244
2017,22,South Dakota,0,8881
2017,31,Delaware,1,1500
2017,31,Delaware,3,4966
2017,31,Delaware,5,2477
2017,31,District of Columbia,1,6565
2017,31,Florida,0,51278
2017,31,Florida,1,2604
2017,31,Florida,9,5331
2017,31,Florida,11,16678
2017,31,Florida,15,1776
2017,31,Florida,17,1293
2017,31,Florida,19,1746
2017,31,Florida,21,3426
2017,31,Florida,31,8616
2017,31,Florida,33,3244
2017,31,Florida,53,2043
2017,31,Florida,57,14642
2017,31,Florida,61,1222
2017,31,Florida,71,7093
2017,31,Florida,73,3032
2017,31,Florida,81,3657
2017,31,Florida,83,2989
2017,31,Florida,85,1483
2017,31,Florida,91,2305
2017,31,Florida,95,11265
2017,31,Florida,97,2269
2017,31,Florida,99,14833
2017,31,Florida,101,6523
2017,31,Florida,103,10550
2017,31,Florida,105,7195
2017,31,Florida,111,2123
2017,31,Florida,113,1507
2017,31,Florida,115,4292
2017,31,Florida,117,4629
2017,31,Georgia,0,57669
2017,31,Georgia,15,952
2017,31,Georgia,21,1640
2017,31,Georgia,45,970
2017,31,Georgia,51,2856
2017,31,Georgia,57,1872
2017,31,Georgia,59,1318
2017,31,Georgia,63,2179
2017,31,Georgia,67,6771
2017,31,Georgia,73,1039
2017,31,Georgia,77,1371
2017,31,Georgia,97,1107
2017,31,Georgia,113,1122
2017,31,Georgia,117,2992
2017,31,Georgia,135,6998
2017,31,Georgia,139,2115
2017,31,Georgia,151,1518
2017,31,Georgia,185,1255
2017,31,Georgia,223,1178
2017,31,Georgia,245,1894
2017,31,Georgia,313,983
2017,31,Maryland,0,7083
2017,31,Maryland,3,4765
2017,31,Maryland,5,8310
2017,31,Maryland,13,1980
2017,31,Maryland,15,922
2017,31,Maryland,17,1395
2017,31,Maryland,21,2988
2017,31,Maryland,25,2475
2017,31,Maryland,27,2833
2017,31,Maryland,31,10613
2017,31,Maryland,33,8784
2017,31,Maryland,43,1569
2017,31,Maryland,510,5746
2017,31,North Carolina,0,44513
2017,31,North Carolina,1,1996
2017,31,North Carolina,19,1498
2017,31,North Carolina,21,2289
2017,31,North Carolina,35,1492
2017,31,North Carolina,49,984
2017,31,North Carolina,51,3532
2017,31,North Carolina,57,1573
2017,31,North Carolina,63,2587
2017,31,North Carolina,67,3831
2017,31,North Carolina,71,2595
2017,31,North Carolina,81,4996
2017,31,North Carolina,85,1946
2017,31,North Carolina,101,1392
2017,31,North Carolina,119,9747
2017,31,North Carolina,135,1654
2017,31,North Carolina,147,1340
2017,31,North Carolina,151,1295
2017,31,North Carolina,159,1297
2017,31,North Carolina,183,9579
2017,31,North Carolina,191,1097
2017,31,South Carolina,0,38578
2017,31,South Carolina,7,1823
2017,31,South Carolina,51,3091
2017,31,South Carolina,83,3308
2017,31,South Carolina,91,2638
2017,31,Virginia,0,59277
2017,31,Virginia,13,2299
2017,31,Virginia,41,3161
2017,31,Virginia,87,2764
2017,31,Virginia,107,3913
2017,31,Virginia,510,1566
2017,31,Virginia,550,2040
2017,31,Virginia,650,1117
2017,31,Virginia,700,1566
2017,31,Virginia,760,2216
2017,31,Virginia,810,4503
2017,31,West Virginia,0,17758
2017,32,Alabama,0,31943
2017,32,Alabama,3,1458
2017,32,Alabama,15,1057
2017,32,Alabama,55,925
2017,32,Alabama,73,5626
2017,32,Alabama,81,1153
2017,32,Alabama,97,3569
2017,32,Alabama,117,1914
2017,32,Kentucky,0,30219
2017,32,Kentucky,15,985
2017,32,Kentucky,67,3054
2017,32,Kentucky,111,8287
2017,32,Kentucky,117,1583
2017,32,Kentucky,227,1081
2017,32,Mississippi,0,24549
2017,32,Mississippi,33,1635
2017,32,Mississippi,47,1784
2017,32,Mississippi,59,1128
2017,32,Tennessee,0,39104
2017,32,Tennessee,9,1259
2017,32,Tennessee,37,6521
2017,32,Tennessee,65,3517
2017,32,Tennessee,149,2448
2017,32,Tennessee,157,7540
2017,32,Tennessee,165,1819
2017,32,Tennessee,179,1006
2017,32,Tennessee,187,2208
2017,32,Tennessee,189,1153
2017,33,Arkansas,0,21539
2017,33,Arkansas,7,2653
2017,33,Arkansas,119,3019
2017,33,Arkansas,125,1062
2017,33,Arkansas,143,1748
2017,33,Louisiana,0,26940
2017,33,Louisiana,5,769
2017,33,Louisiana,17,2058
2017,33,Louisiana,33,3221
2017,33,Louisiana,55,1720
2017,33,Louisiana,71,4913
2017,33,Louisiana,73,1504
2017,33,Louisiana,103,2108
2017,33,Louisiana,109,791
2017,33,Oklahoma,0,29652
2017,33,Oklahoma,17,908
2017,33,Oklahoma,27,1615
2017,33,Oklahoma,109,4930
2017,33,Texas,0,56710
2017,33,Texas,27,3130
2017,33,Texas,29,18062
2017,33,Texas,39,2961
2017,33,Texas,41,2162
2017,33,Texas,61,3861
2017,33,Texas,85,9608
2017,33,Texas,91,1287
2017,33,Texas,113,24472
2017,33,Texas,121,8774
2017,33,Texas,135,1242
2017,33,Texas,139,1997
2017,33,Texas,141,7436
2017,33,Texas,157,5407
2017,33,Texas,167,3097
2017,33,Texas,183,1091
2017,33,Texas,187,1741
2017,33,Texas,201,35951
2017,33,Texas,209,1776
2017,33,Texas,215,6149
2017,33,Texas,245,2532
2017,33,Texas,251,1772
2017,33,Texas,257,1425
2017,33,Texas,303,3010
2017,33,Texas,309,2932
2017,33,Texas,329,1233
2017,33,Texas,339,3939
2017,33,Texas,355,3453
2017,33,Texas,367,1570
2017,33,Texas,375,1449
2017,33,Texas,381,1401
2017,33,Texas,423,2085
2017,33,Texas,439,18786
2017,33,Texas,441,1667
2017,33,Texas,451,1158
2017,33,Texas,453,11223
2017,33,Texas,479,2543
2017,33,Texas,485,1570
2017,33,Texas,491,5180
2017,41,Arizona,0,12178
2017,41,Arizona,5,1873
2017,41,Arizona,13,40544
2017,41,Arizona,19,10353
2017,41,Arizona,25,1933
2017,41,Arizona,27,1982
2017,41,Colorado,0,52519
2017,41,Colorado,69,3081
2017,41,Idaho,0,15353
2017,41,Idaho,19,1183
2017,41,Montana,0,10221
2017,41,Nevada,0,3552
2017,41,Nevada,3,20404
2017,41,Nevada,31,4457
2017,41,New Mexico,0,14241
2017,41,New Mexico,13,1413
2017,41,New Mexico,43,1540
2017,41,New Mexico,49,1827
2017,41,Utah,0,7992
2017,41,Utah,11,2959
2017,41,Utah,35,9337
2017,41,Utah,49,7272
2017,41,Utah,53,1137
2017,41,Utah,57,2207
2017,41,Wyoming,0,5912
2017,42,Alaska,0,5409
2017,42,Alaska,20,1337
2017,42,California,0,14705
2017,42,California,1,17130
2017,42,California,7,2341
2017,42,California,13,10290
2017,42,California,17,1674
2017,42,California,19,9122
2017,42,California,23,1408
2017,42,California,25,1485
2017,42,California,29,7347
2017,42,California,31,1575
2017,42,California,37,101631
2017,42,California,39,1232
2017,42,California,41,2436
2017,42,California,47,2344
2017,42,California,55,1721
2017,42,California,59,30286
2017,42,California,61,3962
2017,42,California,65,22190
2017,42,California,67,14840
2017,42,California,71,17654
2017,42,California,73,30021
2017,42,California,75,8078
2017,42,California,77,6781
2017,42,California,79,2484
2017,42,California,81,7725
2017,42,California,83,4273
2017,42,California,85,19699
2017,42,California,87,2458
2017,42,California,89,2071
2017,42,California,95,4352
2017,42,California,97,4651
2017,42,California,99,4703
2017,42,California,107,4413
2017,42,California,111,8486
2017,42,California,113,2007
2017,42,Hawaii,0,2427
2017,42,Hawaii,1,1836
2017,42,Hawaii,3,10170
2017,42,Oregon,0,12817
2017,42,Oregon,5,3748
2017,42,Oregon,17,1276
2017,42,Oregon,19,1157
2017,42,Oregon,29,1870
2017,42,Oregon,39,3850
2017,42,Oregon,47,3178
2017,42,Oregon,51,7852
2017,42,Oregon,67,5471
2017,42,Washington,0,18244
2017,42,Washington,11,4934
2017,42,Washington,33,20146
2017,42,Washington,35,2993
2017,42,Washington,53,9007
2017,42,Washington,61,7556
2017,42,Washington,63,4932
2017,42,Washington,67,2570
2017,42,Washington,73,1972
2017,42,Washington,77,2341
2018,11,Connecticut,1,9654
2018,11,Connecticut,3,9127
2018,11,Connecticut,5,2244
2018,11,Connecticut,7,1615
2018,11,Connecticut,9,7837
2018,11,Connecticut,11,2999
2018,11,Connecticut,13,1526
2018,11,Connecticut,15,1285
2018,11,Maine,0,9890
2018,11,Maine,1,790
2018,11,Maine,11,1071
2018,11,Maine,19,1524
2018,11,Massachusetts,0,60509
2018,11,Massachusetts,3,1870
2018,11,Massachusetts,25,7752
2018,11,New Hampshire,0,13780
2018,11,Rhode Island,0,1574
2018,11,Rhode Island,3,1709
2018,11,Rhode Island,7,5714
2018,11,Rhode Island,9,1492
2018,11,Vermont,0,6436
2018,12,New Jersey,0,6573
2018,12,New Jersey,3,9089
2018,12,New Jersey,5,5246
2018,12,New Jersey,7,5083
2018,12,New Jersey,13,6996
2018,12,New Jersey,15,3168
2018,12,New Jersey,17,5807
2018,12,New Jersey,19,1630
2018,12,New Jersey,21,3111
2018,12,New Jersey,23,8534
2018,12,New Jersey,25,6581
2018,12,New Jersey,27,5167
2018,12,New Jersey,29,5938
2018,12,New Jersey,31,4438
2018,12,New Jersey,35,3296
2018,12,New Jersey,37,1801
2018,12,New Jersey,39,4742
2018,12,New Jersey,41,1386
2018,12,New York,0,54668
2018,12,New York,1,2991
2018,12,New York,5,10463
2018,12,New York,13,2024
2018,12,New York,27,3141
2018,12,New York,29,9132
2018,12,New York,47,24841
2018,12,New York,55,7395
2018,12,New York,59,13661
2018,12,New York,61,9956
2018,12,New York,63,2210
2018,12,New York,71,3480
2018,12,New York,75,1643
2018,12,New York,81,21715
2018,12,New York,83,1785
2018,12,New York,85,4151
2018,12,New York,87,3116
2018,12,New York,89,1825
2018,12,New York,91,2377
2018,12,New York,93,1506
2018,12,New York,103,13714
2018,12,New York,109,1173
2018,12,Pennsylvania,0,52567
2018,12,Pennsylvania,3,11125
2018,12,Pennsylvania,11,3824
2018,12,Pennsylvania,17,5378
2018,12,Pennsylvania,19,2343
2018,12,Pennsylvania,21,2224
2018,12,Pennsylvania,27,1692
2018,12,Pennsylvania,29,4629
2018,12,Pennsylvania,43,2389
2018,12,Pennsylvania,45,4678
2018,12,Pennsylvania,49,2652
2018,12,Pennsylvania,51,1487
2018,12,Pennsylvania,71,4117
2018,12,Pennsylvania,75,1330
2018,12,Pennsylvania,85,1772
2018,12,Pennsylvania,89,980
2018,12,Pennsylvania,91,7320
2018,12,Pennsylvania,101,9010
2018,12,Pennsylvania,107,2016
2018,12,Pennsylvania,129,3541
2018,12,Pennsylvania,133,3992
2018,21,Illinois,0,35173
2018,21,Illinois,19,2056
2018,21,Illinois,31,41335
2018,21,Illinois,37,1108
2018,21,Illinois,43,9437
2018,21,Illinois,89,3784
2018,21,Illinois,91,1365
2018,21,Illinois,97,6672
2018,21,Illinois,99,1453
2018,21,Illinois,111,2811
2018,21,Illinois,113,2066
2018,21,Illinois,115,1294
2018,21,Illinois,119,2415
2018,21,Illinois,143,1957
2018,21,Illinois,161,1569
2018,21,Illinois,163,1934
2018,21,Illinois,167,2197
2018,21,Illinois,179,1565
2018,21,Illinois,197,6265
2018,21,Indiana,0,32522
2018,21,Indiana,3,3741
2018,21,Indiana,19,1014
2018,21,Indiana,35,1151
2018,21,Indiana,39,1797
2018,21,Indiana,63,1319
2018,21,Indiana,81,1092
2018,21,Indiana,89,4208
2018,21,Indiana,91,1351
2018,21,Indiana,95,1583
2018,21,Indiana,97,7401
2018,21,Indiana,105,1301
2018,21,Indiana,127,1598
2018,21,Indiana,141,2992
2018,21,Indiana,157,1862
2018,21,Indiana,163,1650
2018,21,Indiana,167,1098
2018,21,Michigan,0,41506
2018,21,Michigan,5,1209
2018,21,Michigan,21,1649
2018,21,Michigan,65,2524
2018,21,Michigan,75,1432
2018,21,Michigan,77,2176
2018,21,Michigan,81,4636
2018,21,Michigan,93,2052
2018,21,Michigan,99,6541
2018,21,Michigan,115,1283
2018,21,Michigan,121,1695
2018,21,Michigan,125,10545
2018,21,Michigan,139,2392
2018,21,Michigan,145,1871
2018,21,Michigan,147,1718
2018,21,Michigan,161,3193
2018,21,Michigan,163,12997
2018,21,Ohio,0,50757
2018,21,Ohio,3,1237
2018,21,Ohio,7,1062
2018,21,Ohio,17,3372
2018,21,Ohio,23,1511
2018,21,Ohio,29,1059
2018,21,Ohio,35,12933
2018,21,Ohio,41,1916
2018,21,Ohio,45,1533
2018,21,Ohio,49,10707
2018,21,Ohio,57,1673
2018,21,Ohio,61,7528
2018,21,Ohio,89,1662
2018,21,Ohio,93,2980
2018,21,Ohio,103,1760
2018,21,Ohio,109,1000
2018,21,Ohio,113,5028
2018,21,Ohio,133,1560
2018,21,Ohio,139,1181
2018,21,Ohio,153,5128
2018,21,Ohio,165,1910
2018,21,Ohio,169,1589
2018,21,Wisconsin,0,34558
2018,21,Wisconsin,9,1693
2018,21,Wisconsin,25,3695
2018,21,Wisconsin,59,1005
2018,21,Wisconsin,63,923
2018,21,Wisconsin,73,1644
2018,21,Wisconsin,79,6014
2018,21,Wisconsin,87,1494
2018,21,Wisconsin,101,1239
2018,21,Wisconsin,105,1327
2018,21,Wisconsin,117,1135
2018,21,Wisconsin,127,928
2018,21,Wisconsin,133,2872
2018,21,Wisconsin,139,1306
2018,22,Iowa,0,27397
2018,22,Iowa,13,1070
2018,22,Iowa,103,999
2018,22,Iowa,113,1615
2018,22,Iowa,163,1281
2018,22,Kansas,0,22639
2018,22,Kansas,45,816
2018,22,Kansas,91,4740
2018,22,Kansas,209,1372
2018,22,Minnesota,0,34471
2018,22,Minnesota,3,2208
2018,22,Minnesota,37,2705
2018,22,Minnesota,53,7392
2018,22,Minnesota,109,1214
2018,22,Minnesota,123,3354
2018,22,Minnesota,145,1669
2018,22,Minnesota,163,1689
2018,22,Minnesota,171,1081
2018,22,Missouri,0,37676
2018,22,Missouri,19,1372
2018,22,Missouri,71,889
2018,22,Missouri,95,6190
2018,22,Missouri,99,1745
2018,22,Missouri,183,3605
2018,22,Missouri,189,8441
2018,22,Missouri,510,2498
2018,22,Nebraska,0,11426
2018,22,Nebraska,55,4277
2018,22,Nebraska,109,2388
2018,22,Nebraska,153,1360
2018,22,North Dakota,0,6649
2018,22,North Dakota,17,1227
2018,22,South Dakota,0,8986
2018,31,Delaware,1,1545
2018,31,Delaware,3,4952
2018,31,Delaware,5,2626
2018,31,District of Columbia,1,6549
2018,31,Florida,0,52484
2018,31,Florida,1,2636
2018,31,Florida,9,5512
2018,31,Florida,11,16384
2018,31,Florida,15,1861
2018,31,Florida,17,1281
2018,31,Florida,19,1728
2018,31,Florida,21,3296
2018,31,Florida,31,8833
2018,31,Florida,33,3237
2018,31,Florida,53,2083
2018,31,Florida,57,15104
2018,31,Florida,61,1259
2018,31,Florida,71,7584
2018,31,Florida,73,2913
2018,31,Florida,81,3666
2018,31,Florida,83,2957
2018,31,Florida,85,1600
2018,31,Florida,91,2291
2018,31,Florida,95,11169
2018,31,Florida,97,2318
2018,31,Florida,99,14879
2018,31,Florida,101,6359
2018,31,Florida,103,10860
2018,31,Florida,105,7183
2018,31,Florida,111,2120
2018,31,Florida,113,1548
2018,31,Florida,115,4387
2018,31,Florida,117,4628
2018,31,Georgia,0,58320
2018,31,Georgia,15,911
2018,31,Georgia,21,1626
2018,31,Georgia,45,1058
2018,31,Georgia,51,2842
2018,31,Georgia,57,2018
2018,31,Georgia,59,1374
2018,31,Georgia,63,2241
2018,31,Georgia,67,6934
2018,31,Georgia,73,1181
2018,31,Georgia,77,1351
2018,31,Georgia,97,999
2018,31,Georgia,113,1184
2018,31,Georgia,117,3146
2018,31,Georgia,135,7016
2018,31,Georgia,139,2044
2018,31,Georgia,151,1561
2018,31,Georgia,185,1118
2018,31,Georgia,223,1131
2018,31,Georgia,245,1825
2018,31,Georgia,313,975
2018,31,Maryland,0,7529
2018,31,Maryland,3,4938
2018,31,Maryland,5,8195
2018,31,Maryland,13,1974
2018,31,Maryland,15,915
2018,31,Maryland,17,1390
2018,31,Maryland,21,3057
2018,31,Maryland,25,2405
2018,31,Maryland,27,2929
2018,31,Maryland,31,10733
2018,31,Maryland,33,8760
2018,31,Maryland,43,1595
2018,31,Maryland,510,5420
2018,31,North Carolina,0,45136
2018,31,North Carolina,1,1988
2018,31,North Carolina,19,1411
2018,31,North Carolina,21,2458
2018,31,North Carolina,35,1518
2018,31,North Carolina,49,945
2018,31,North Carolina,51,3607
2018,31,North Carolina,57,1436
2018,31,North Carolina,63,2549
2018,31,North Carolina,67,3784
2018,31,North Carolina,71,2591
2018,31,North Carolina,81,4998
2018,31,North Carolina,85,1985
2018,31,North Carolina,101,1426
2018,31,North Carolina,119,10020
2018,31,North Carolina,135,1659
2018,31,North Carolina,147,1488
2018,31,North Carolina,151,1357
2018,31,North Carolina,159,1309
2018,31,North Carolina,183,9794
2018,31,North Carolina,191,1064
2018,31,South Carolina,0,39008
2018,31,South Carolina,7,1853
2018,31,South Carolina,51,3150
2018,31,South Carolina,83,3233
2018,31,South Carolina,91,2574
2018,31,Virginia,0,59995
2018,31,Virginia,13,2301
2018,31,Virginia,41,3180
2018,31,Virginia,87,2787
2018,31,Virginia,107,3862
2018,31,Virginia,510,1587
2018,31,Virginia,550,2000
2018,31,Virginia,650,1036
2018,31,Virginia,700,1535
2018,31,Virginia,760,2151
2018,31,Virginia,810,4321
2018,31,West Virginia,0,18066
2018,32,Alabama,0,32038
2018,32,Alabama,3,1631
2018,32,Alabama,15,1017
2018,32,Alabama,55,1028
2018,32,Alabama,73,5482
2018,32,Alabama,81,1094
2018,32,Alabama,97,3492
2018,32,Alabama,117,1995
2018,32,Kentucky,0,30559
2018,32,Kentucky,15,945
2018,32,Kentucky,67,3011
2018,32,Kentucky,111,8357
2018,32,Kentucky,117,1590
2018,32,Kentucky,227,1013
2018,32,Mississippi,0,24507
2018,32,Mississippi,33,1719
2018,32,Mississippi,47,1788
2018,32,Mississippi,59,1110
2018,32,Tennessee,0,39697
2018,32,Tennessee,9,1399
2018,32,Tennessee,37,6490
2018,32,Tennessee,65,3763
2018,32,Tennessee,149,2397
2018,32,Tennessee,157,7505
2018,32,Tennessee,165,2036
2018,32,Tennessee,179,1142
2018,32,Tennessee,187,2271
2018,32,Tennessee,189,1250
2018,33,Arkansas,0,22008
2018,33,Arkansas,7,2698
2018,33,Arkansas,119,2908
2018,33,Arkansas,125,991
2018,33,Arkansas,143,1898
2018,33,Louisiana,0,26478
2018,33,Louisiana,5,806
2018,33,Louisiana,17,2080
2018,33,Louisiana,33,3275
2018,33,Louisiana,55,1846
2018,33,Louisiana,71,4758
2018,33,Louisiana,73,1392
2018,33,Louisiana,103,2169
2018,33,Louisiana,109,785
2018,33,Oklahoma,0,30044
2018,33,Oklahoma,17,943
2018,33,Oklahoma,27,1737
2018,33,Oklahoma,109,4924
2018,33,Texas,0,58397
2018,33,Texas,27,3106
2018,33,Texas,29,17905
2018,33,Texas,39,3008
2018,33,Texas,41,1975
2018,33,Texas,61,4034
2018,33,Texas,85,9710
2018,33,Texas,91,1310
2018,33,Texas,113,24362
2018,33,Texas,121,8661
2018,33,Texas,135,1247
2018,33,Texas,139,1952
2018,33,Texas,141,7257
2018,33,Texas,157,5329
2018,33,Texas,167,3159
2018,33,Texas,183,1201
2018,33,Texas,187,1642
2018,33,Texas,201,36554
2018,33,Texas,209,1653
2018,33,Texas,215,5880
2018,33,Texas,245,2522
2018,33,Texas,251,1826
2018,33,Texas,257,1494
2018,33,Texas,303,2989
2018,33,Texas,309,3087
2018,33,Texas,329,1158
2018,33,Texas,339,4072
2018,33,Texas,355,3440
2018,33,Texas,367,1481
2018,33,Texas,375,1355
2018,33,Texas,381,1490
2018,33,Texas,423,2085
2018,33,Texas,439,18768
2018,33,Texas,441,1637
2018,33,Texas,451,1159
2018,33,Texas,453,11492
2018,33,Texas,479,2700
2018,33,Texas,485,1572
2018,33,Texas,491,5431
2018,41,Arizona,0,12172
2018,41,Arizona,5,1750
2018,41,Arizona,13,41762
2018,41,Arizona,19,10405
2018,41,Arizona,25,1857
2018,41,Arizona,27,2044
2018,41,Colorado,0,52526
2018,41,Colorado,69,3402
2018,41,Idaho,0,15513
2018,41,Idaho,19,1198
2018,41,Montana,0,10336
2018,41,Nevada,0,3609
2018,41,Nevada,3,20617
2018,41,Nevada,31,4701
2018,41,New Mexico,0,14221
2018,41,New Mexico,13,1375
2018,41,New Mexico,43,1712
2018,41,New Mexico,49,1939
2018,41,Utah,0,7894
2018,41,Utah,11,3037
2018,41,Utah,35,9553
2018,41,Utah,49,7514
2018,41,Utah,53,1241
2018,41,Utah,57,2364
2018,41,Wyoming,0,5740
2018,42,Alaska,0,5302
2018,42,Alaska,20,1409
2018,42,California,0,14357
2018,42,California,1,17131
2018,42,California,7,2310
2018,42,California,13,10165
2018,42,California,17,1791
2018,42,California,19,8956
2018,42,California,23,1432
2018,42,California,25,1275
2018,42,California,29,7018
2018,42,California,31,1586
2018,42,California,37,102092
2018,42,California,39,1331
2018,42,California,41,2366
2018,42,California,47,2412
2018,42,California,55,1704
2018,42,California,59,30275
2018,42,California,61,4083
2018,42,California,65,22823
2018,42,California,67,15073
2018,42,California,71,18171
2018,42,California,73,29975
2018,42,California,75,7864
2018,42,California,77,7185
2018,42,California,79,2563
2018,42,California,81,7653
2018,42,California,83,4425
2018,42,California,85,19707
2018,42,California,87,2490
2018,42,California,89,2077
2018,42,California,95,4463
2018,42,California,97,4687
2018,42,California,99,4545
2018,42,California,107,4130
2018,42,California,111,8682
2018,42,California,113,2020
2018,42,Hawaii,0,2382
2018,42,Hawaii,1,1828
2018,42,Hawaii,3,10190
2018,42,Oregon,0,12990
2018,42,Oregon,5,3932
2018,42,Oregon,17,1328
2018,42,Oregon,19,1100
2018,42,Oregon,29,1910
2018,42,Oregon,39,4168
2018,42,Oregon,47,3267
2018,42,Oregon,51,7720
2018,42,Oregon,67,5702
2018,42,Washington,0,18827
2018,42,Washington,11,5113
2018,42,Washington,33,20678
2018,42,Washington,35,3116
2018,42,Washington,53,8629
2018,42,Washington,61,7868
2018,42,Washington,63,5227
2018,42,Washington,67,2598
2018,42,Washington,73,1859
2018,42,Washington,77,2310
